,counts_d4_c95_status,counts_d4_c95_correlation,counts_d4_c50_status,counts_d4_c50_correlation,counts_d4_c25_status,counts_d4_c25_correlation
A4GALT,OPTIMAL,-0.0533170646006774,OPTIMAL,-0.01785658877985047,OPTIMAL,-0.021857287556443113
AAAS,OPTIMAL,-0.40833107302015537,CUT_LIMIT,,OPTIMAL,-0.0015514832195398609
AACS,OPTIMAL,0.5196253296354725,OPTIMAL,0.12771793364369102,OPTIMAL,0.13140786007434022
AADAT,OPTIMAL,-0.14643008997092727,OPTIMAL,-0.06042947214738925,OPTIMAL,-0.08833458533270604
AAGAB,OPTIMAL,0.9999894038891067,OPTIMAL,0.3878927217705401,OPTIMAL,0.23046285280871004
AAK1,OPTIMAL,0.004394442551820145,CUT_LIMIT,,CUT_LIMIT,
AAMDC,OPTIMAL,-0.43625810939483706,OPTIMAL,-0.09279485459148884,OPTIMAL,-0.11552628777043253
AAMP,OPTIMAL,-0.3252112316202303,OPTIMAL,0.06317975148485278,CUT_LIMIT,
AAR2,OPTIMAL,0.11733077165175738,OPTIMAL,0.041403135215816816,OPTIMAL,0.021221284210682968
AARS2,OPTIMAL,-0.12596355625942526,OPTIMAL,-0.08178509318593352,CUT_LIMIT,
AASDH,OPTIMAL,0.03945291159684567,OPTIMAL,0.16585028503401647,OPTIMAL,0.09837995912711006
AASDHPPT,OPTIMAL,0.06300949897927488,OPTIMAL,0.04924794416629493,OPTIMAL,0.07124385674900831
AASS,OPTIMAL,0.1374249043416766,OPTIMAL,0.08277478877714167,OPTIMAL,0.027447218384927675
AATF,OPTIMAL,-0.08355819691509915,OPTIMAL,-0.08868838729907709,OPTIMAL,-0.12395050042317103
ABCA1,OPTIMAL,-0.12322571707782387,OPTIMAL,-0.06519622164570459,OPTIMAL,-0.06772566575263646
ABCA5,CUT_LIMIT,,OPTIMAL,0.014641512015792927,OPTIMAL,-0.0026325185115504642
ABCA6,OPTIMAL,-0.08098631385893283,OPTIMAL,-0.047554913599446046,OPTIMAL,-0.053505435737657855
ABCB10,OPTIMAL,0.10318637706778021,OPTIMAL,-0.024093252515498768,OPTIMAL,-0.04452362705889353
ABCB7,OPTIMAL,-0.03704716480496298,OPTIMAL,-0.00935928127472636,OPTIMAL,-0.03140442362676281
ABCB8,OPTIMAL,-0.06770662802308355,OPTIMAL,0.19138698933626846,OPTIMAL,0.13023740530004602
ABCC1,OPTIMAL,0.1786444740108958,OPTIMAL,0.14839093875677828,OPTIMAL,0.2072561250806055
ABCC10,OPTIMAL,-0.33720602883049244,OPTIMAL,-0.06948294369986578,OPTIMAL,-0.06830312561431008
ABCC3,OPTIMAL,-0.3577002280913192,OPTIMAL,-0.06435138471664523,INFEASIBLE,
ABCC4,OPTIMAL,-0.27675565481912817,OPTIMAL,0.06338607737101869,CUT_LIMIT,
ABCC5,OPTIMAL,0.0237736197542737,OPTIMAL,-0.029644747134020797,OPTIMAL,-0.00853978893182919
ABCD1,OPTIMAL,-1.0000009597389625,OPTIMAL,-0.04034261239754013,OPTIMAL,-0.03392683529794907
ABCD3,OPTIMAL,-0.12256352620567136,OPTIMAL,0.036384289295629216,OPTIMAL,0.004985777279114522
ABCD4,OPTIMAL,0.30660478673508906,OPTIMAL,0.32730783784077216,OPTIMAL,0.0878394365111415
ABCE1,CUT_LIMIT,,OPTIMAL,-0.302298976998141,OPTIMAL,-0.036423611763079386
ABCF1,OPTIMAL,0.06899752699898923,CUT_LIMIT,,OPTIMAL,-0.056845988501779875
ABCF2,OPTIMAL,-0.3665605111729342,OPTIMAL,-0.04183451044934997,OPTIMAL,-0.060564285476017644
ABCF3,OPTIMAL,-0.15525573449603583,OPTIMAL,-0.019272788776969862,OPTIMAL,-0.015716843621447363
ABCG1,OPTIMAL,-0.3621308644525553,CUT_LIMIT,,INFEASIBLE,
ABHD10,OPTIMAL,-0.020195181140274892,OPTIMAL,-0.030472397424381667,OPTIMAL,0.017964396658997274
ABHD11,OPTIMAL,0.2738731592127951,OPTIMAL,0.24784245866431964,OPTIMAL,0.13993929186721435
ABHD12,OPTIMAL,-0.6712992693991799,OPTIMAL,-0.15890789837766744,CUT_LIMIT,
ABHD13,OPTIMAL,-0.10447348594860964,OPTIMAL,-0.08423941112774593,OPTIMAL,-0.06489145399239532
ABHD14B,OPTIMAL,-0.16155842074910334,OPTIMAL,-0.11156293071524012,OPTIMAL,-0.11547064205583947
ABHD15,OPTIMAL,-0.12854506358060824,OPTIMAL,-0.06151621677116217,OPTIMAL,-0.05412781696701538
ABHD17A,OPTIMAL,-0.018293080665136744,OPTIMAL,-0.06363253910080972,OPTIMAL,-0.00878461368380769
ABHD17B,OPTIMAL,-0.9196105511051764,OPTIMAL,0.13488040150885397,OPTIMAL,0.05634219578150247
ABHD17C,OPTIMAL,-0.35570832259734425,OPTIMAL,-0.06409416757507246,OPTIMAL,-0.0795525543206454
ABHD2,OPTIMAL,-0.3838288492325213,OPTIMAL,-0.07541923854834044,OPTIMAL,-0.08656141387945948
ABHD3,OPTIMAL,-0.09074279433057492,OPTIMAL,-0.07311367679557394,OPTIMAL,-0.06834807519072747
ABHD4,OPTIMAL,-0.7456376302380309,OPTIMAL,-0.07578240119742036,OPTIMAL,-0.06911997509112097
ABHD5,OPTIMAL,-0.35741370261859245,OPTIMAL,0.058161479495184146,OPTIMAL,0.031068570217378653
ABI1,OPTIMAL,-0.5449045345035914,OPTIMAL,-0.10095637493159954,OPTIMAL,-0.08724384550241943
ABI2,OPTIMAL,0.05930577473790941,CUT_LIMIT,,CUT_LIMIT,
ABI3BP,CUT_LIMIT,,OPTIMAL,0.22017323365988323,OPTIMAL,0.15266763860926555
ABL1,OPTIMAL,-0.27913471724459543,OPTIMAL,-0.09084520903035707,OPTIMAL,-0.11453769275196261
ABL2,OPTIMAL,0.18876285797709133,CUT_LIMIT,,OPTIMAL,0.052636116213130975
ABLIM3,CUT_LIMIT,,CUT_LIMIT,,OPTIMAL,-0.048830322371776175
ABR,CUT_LIMIT,,CUT_LIMIT,,OPTIMAL,-0.03434988737574866
ABRACL,OPTIMAL,-0.307821031084613,OPTIMAL,-0.05601403475916327,OPTIMAL,-0.0653213954460098
ABT1,OPTIMAL,-0.0011834268922027106,OPTIMAL,0.0026676686158642743,OPTIMAL,0.005473239655276111
ABTB1,OPTIMAL,-0.48598098846872323,OPTIMAL,-0.04688748536473941,OPTIMAL,-0.06451741697708124
ACAA1,OPTIMAL,-0.13715892047012437,OPTIMAL,-0.10469295606461151,OPTIMAL,-0.11418325747105285
ACAA2,CUT_LIMIT,,OPTIMAL,-0.05598071987854588,OPTIMAL,-0.07709823078257734
ACACA,OPTIMAL,-0.9025097336593296,OPTIMAL,-0.07498690708638808,OPTIMAL,-0.10156931800472853
ACAD8,OPTIMAL,-0.08663758959805337,OPTIMAL,-0.04325941498091659,OPTIMAL,-0.059433529165135134
ACAD9,OPTIMAL,-0.22601615671408165,OPTIMAL,0.2514349518720855,OPTIMAL,0.11617579126837749
ACADM,OPTIMAL,-0.013765004808224146,OPTIMAL,0.016449517462674937,OPTIMAL,-0.015426437850495075
ACADS,OPTIMAL,-0.1417045555485558,OPTIMAL,-0.02480568540922781,OPTIMAL,-0.007307807473873031
ACADSB,OPTIMAL,-0.16792025308108646,OPTIMAL,-0.05653539338026694,OPTIMAL,-0.1250532726451182
ACADVL,OPTIMAL,0.6131125163572457,OPTIMAL,-0.001668407237216758,OPTIMAL,-0.006781006898746937
ACAP1,CUT_LIMIT,,OPTIMAL,0.042431267764887204,OPTIMAL,0.07565403696893877
ACAP2,OPTIMAL,-0.2511641923217096,OPTIMAL,-0.18190249783970885,CUT_LIMIT,
ACAT1,CUT_LIMIT,,CUT_LIMIT,,OPTIMAL,0.01576305431760794
ACAT2,OPTIMAL,-0.027380643542681438,OPTIMAL,-0.058708411783774166,OPTIMAL,-0.0037198432786975885
ACBD3,OPTIMAL,-0.3792653057120502,OPTIMAL,-0.020347046707244076,CUT_LIMIT,
ACBD5,OPTIMAL,-0.7920614490112516,OPTIMAL,-0.0715430367912681,OPTIMAL,-0.06405214583300868
ACBD6,OPTIMAL,-0.11272428627868827,OPTIMAL,0.1104531440550055,OPTIMAL,0.0941109859228108
ACD,CUT_LIMIT,,OPTIMAL,0.11629501176711146,OPTIMAL,0.09874660545780324
ACER3,OPTIMAL,-0.13506999292279476,OPTIMAL,-0.10593594692177292,OPTIMAL,-0.09713071972860465
ACIN1,OPTIMAL,-0.28928639053442445,OPTIMAL,-0.08380728861776317,OPTIMAL,-0.09444999229152819
ACLY,CUT_LIMIT,,CUT_LIMIT,,OPTIMAL,0.0865892506618748
ACO1,OPTIMAL,-0.441747893465299,OPTIMAL,0.0496778854494255,OPTIMAL,-0.003993077921779482
ACO2,OPTIMAL,-0.11096882902131379,OPTIMAL,-0.06556508598760584,OPTIMAL,-0.04065208906914468
ACOT1,OPTIMAL,0.04106236483106223,OPTIMAL,0.02512782065201469,OPTIMAL,-0.02316981495573894
ACOT13,OPTIMAL,-0.47366309473138957,OPTIMAL,-0.12895950180828802,OPTIMAL,-0.12432694046232654
ACOT2,OPTIMAL,0.12261703738926523,CUT_LIMIT,,OPTIMAL,0.04056293752742675
ACOT7,CUT_LIMIT,,OPTIMAL,0.06892510044144659,OPTIMAL,0.005513042421022596
ACOT8,CUT_LIMIT,,CUT_LIMIT,,OPTIMAL,-0.05670167311868596
ACOT9,OPTIMAL,-0.38851258546141443,OPTIMAL,-0.06753122284977424,CUT_LIMIT,
ACOX1,OPTIMAL,-0.8811678146655718,OPTIMAL,-0.06317548990496027,INFEASIBLE,
ACOX3,OPTIMAL,-0.016164245812063386,OPTIMAL,-0.0006225459081312342,OPTIMAL,-0.007825005727876087
ACP1,OPTIMAL,-0.5639107554714153,CUT_LIMIT,,OPTIMAL,-0.20193647427551964
ACP2,OPTIMAL,-0.039852057831711335,OPTIMAL,-0.005405442415094589,OPTIMAL,-0.009308221392847036
ACP6,OPTIMAL,-0.0741038814426038,OPTIMAL,-0.05607205575699615,OPTIMAL,-0.04370757056639327
ACSF3,OPTIMAL,-0.07262773216181037,OPTIMAL,-0.05122576271859241,OPTIMAL,-0.06797236747451188
ACSL1,OPTIMAL,-0.07543994149964497,OPTIMAL,0.07782069493645297,OPTIMAL,0.08774232539869037
ACSL3,OPTIMAL,-0.031292089953374035,OPTIMAL,0.02468131601219121,OPTIMAL,0.008750950872651795
ACSL4,OPTIMAL,-0.5014749526322239,OPTIMAL,0.0274838273046816,OPTIMAL,0.017880614994696006
ACSS2,OPTIMAL,-0.7846200910666228,OPTIMAL,-0.1038431533037698,OPTIMAL,-0.1247666090752552
ACSS3,OPTIMAL,-0.10612437346638173,OPTIMAL,-0.05527150952973043,OPTIMAL,-0.05287863884698956
ACTA2,OPTIMAL,-0.014008805066946491,OPTIMAL,-0.024872912087525997,OPTIMAL,-0.031424915360356416
ACTB,INFEASIBLE,,INFEASIBLE,,INFEASIBLE,
ACTG1,INFEASIBLE,,INFEASIBLE,,INFEASIBLE,
ACTL6A,OPTIMAL,-0.5366484153179862,OPTIMAL,-0.03715254495218839,OPTIMAL,0.10789503381716346
ACTN1,OPTIMAL,-0.00021509967644962603,OPTIMAL,-0.6594744897400161,OPTIMAL,-0.47659972905743636
ACTN4,OPTIMAL,-0.17721588461537785,OPTIMAL,-0.22662096339322468,OPTIMAL,-0.21510147782708067
ACTR10,OPTIMAL,-0.8134427934086355,OPTIMAL,-0.1681075587545654,OPTIMAL,-0.19630731724736733
ACTR1A,OPTIMAL,-0.6290722584402543,OPTIMAL,-0.23725630865634972,CUT_LIMIT,
ACTR1B,OPTIMAL,-0.3006024916351385,OPTIMAL,-0.06179126256863076,OPTIMAL,-0.04344715243075203
ACTR2,OPTIMAL,-0.16031386312580023,OPTIMAL,0.1394062162540505,OPTIMAL,0.016368876982121038
ACTR3,OPTIMAL,-0.06791760271378372,OPTIMAL,-0.29126019609367976,OPTIMAL,-0.29433488018870574
ACTR5,OPTIMAL,-0.1099004875213052,OPTIMAL,-0.05272848532623227,OPTIMAL,-0.06333315561023568
ACTR6,CUT_LIMIT,,OPTIMAL,-0.0959064893607962,OPTIMAL,-0.11461645508647432
ACTR8,OPTIMAL,-0.5917889106519096,OPTIMAL,-0.05503292358371459,OPTIMAL,-0.04911088967344685
ACVR1,OPTIMAL,-0.5041289278617402,CUT_LIMIT,,OPTIMAL,-0.09499304123928946
ACVR1B,OPTIMAL,0.016858757908326277,OPTIMAL,0.04673523579805807,OPTIMAL,-4.2709814930090315e-05
ACVR2A,OPTIMAL,-0.011204828598996788,OPTIMAL,0.00874386699398928,OPTIMAL,-0.02179124721526957
ACVRL1,OPTIMAL,0.031424567649660395,OPTIMAL,-0.045227340143838966,OPTIMAL,-0.06626809445704922
ACYP1,OPTIMAL,0.0884911697766829,OPTIMAL,-0.021460085705900585,CUT_LIMIT,
ACYP2,OPTIMAL,-0.15316394008900144,OPTIMAL,-0.11106097817479083,OPTIMAL,-0.11403397839419213
ADA,OPTIMAL,-0.36455363615084097,OPTIMAL,-0.013570149513496098,INFEASIBLE,
ADAL,OPTIMAL,-0.1377336728315639,OPTIMAL,-0.04519563951065413,OPTIMAL,0.006928807751783556
ADAM10,OPTIMAL,-0.63581674458758,CUT_LIMIT,,OPTIMAL,-0.0042009868307286554
ADAM12,OPTIMAL,0.12092252311868644,OPTIMAL,-0.0348822237262727,OPTIMAL,0.002461754872675327
ADAM15,CUT_LIMIT,,CUT_LIMIT,,OPTIMAL,-0.06979091193326731
ADAM17,OPTIMAL,-0.0849364624465797,OPTIMAL,-0.054964562521131015,OPTIMAL,-0.05421907902586119
ADAM22,OPTIMAL,-0.1373078811285645,OPTIMAL,0.0032716888363492676,OPTIMAL,-0.0012746952201964496
ADAM33,OPTIMAL,-0.39537615694606987,OPTIMAL,-0.10772595798168644,OPTIMAL,-0.07951963738914294
ADAM9,CUT_LIMIT,,OPTIMAL,0.0010492087040917567,CUT_LIMIT,
ADAMTS1,CUT_LIMIT,,CUT_LIMIT,,OPTIMAL,-0.11838601974961561
ADAMTS12,OPTIMAL,0.06225423809515745,OPTIMAL,0.06107081985179208,OPTIMAL,0.051223557314506264
ADAMTS2,OPTIMAL,0.3144746304402708,OPTIMAL,0.018101330725891776,OPTIMAL,0.041419510567815405
ADAMTS4,OPTIMAL,-0.1119865147576897,OPTIMAL,-0.06324187681204194,OPTIMAL,-0.03773870349973804
ADAMTS6,CUT_LIMIT,,OPTIMAL,-0.002012223759528304,OPTIMAL,-0.0003414680668659058
ADAMTSL1,OPTIMAL,-0.054287992544344243,OPTIMAL,-0.05059723472379646,OPTIMAL,-0.058878293578448336
ADAR,OPTIMAL,-0.7255856060164803,OPTIMAL,-0.18014581418072304,OPTIMAL,-0.14765259844538559
ADARB1,OPTIMAL,-0.34772857925688794,OPTIMAL,-0.06635251624774781,OPTIMAL,-0.09337610985084056
ADAT1,OPTIMAL,-0.12549541542374248,OPTIMAL,-0.05876697445328497,CUT_LIMIT,
ADAT2,OPTIMAL,-0.02676312625557206,OPTIMAL,-0.014156684233863532,OPTIMAL,-0.022851090774879436
ADCK2,OPTIMAL,-0.07240997067563375,OPTIMAL,-0.08526357937786114,OPTIMAL,-0.05889347590264915
ADCK5,OPTIMAL,-1.0000009130694223,OPTIMAL,-0.03842736039575556,INFEASIBLE,
ADCY3,OPTIMAL,-0.11917913012826511,OPTIMAL,-0.06570566727339751,OPTIMAL,-0.06967548886769906
ADCY7,OPTIMAL,-0.08241865572005994,OPTIMAL,-0.040834307510251015,OPTIMAL,-0.048589471635985114
ADCY9,OPTIMAL,-0.11597887909531855,CUT_LIMIT,,OPTIMAL,-0.0816159099172597
ADD1,CUT_LIMIT,,OPTIMAL,0.01174354021369943,OPTIMAL,-0.05000310014841905
ADD3,OPTIMAL,-0.025481493582531996,OPTIMAL,-0.014581792813357808,OPTIMAL,-0.03290732865828281
ADGRA2,OPTIMAL,-0.41318344854033956,OPTIMAL,0.3462093023988558,OPTIMAL,0.12728014987789613
ADGRA3,OPTIMAL,-0.12265753438053387,OPTIMAL,-0.08206274874025087,OPTIMAL,-0.09303098941288476
ADGRE5,OPTIMAL,0.14733694052354415,OPTIMAL,0.027107483477084495,OPTIMAL,-0.0036284199499979305
ADGRG2,OPTIMAL,-0.0572487481148105,OPTIMAL,-0.03878597415445278,INFEASIBLE,
ADGRL2,CUT_LIMIT,,OPTIMAL,-0.060022569885048546,OPTIMAL,-0.06946696282366263
ADGRL4,OPTIMAL,-0.0656353706000056,OPTIMAL,-0.06314327033198819,OPTIMAL,-0.05911453624047264
ADH5,OPTIMAL,0.10023102407655085,OPTIMAL,0.03450669186582873,OPTIMAL,0.016006291795142753
ADI1,OPTIMAL,-0.5148780265858502,OPTIMAL,0.09419237754153414,CUT_LIMIT,
ADIPOR1,OPTIMAL,-0.4568899517553299,OPTIMAL,-0.05282146944065951,OPTIMAL,-0.09100611021561283
ADIPOR2,OPTIMAL,-0.8946846384090408,OPTIMAL,-0.04962919577880842,OPTIMAL,-0.040243072730633565
ADK,OPTIMAL,-0.5042453831634244,OPTIMAL,-0.21684100623236754,OPTIMAL,-0.16780438137166553
ADM,OPTIMAL,-0.5657444994241234,OPTIMAL,-0.11264342027100711,OPTIMAL,-0.10654146807342582
ADM5,OPTIMAL,-0.06209496230880969,OPTIMAL,0.18949162610786488,OPTIMAL,0.1307970663369402
ADNP,OPTIMAL,-0.6131567091186864,OPTIMAL,0.22418819257369502,OPTIMAL,0.11538119109410593
ADNP2,OPTIMAL,-0.5415917667264283,OPTIMAL,-0.10132828789603501,OPTIMAL,-0.12551337964346385
ADO,OPTIMAL,0.016489405697756723,OPTIMAL,0.09448374352192532,OPTIMAL,0.09901797173645233
ADORA2B,OPTIMAL,-0.3584375597982954,OPTIMAL,-0.06905715867857075,OPTIMAL,-0.07429668891398276
ADPGK,OPTIMAL,-0.11091366121953258,OPTIMAL,-0.1178086912568037,OPTIMAL,-0.06872956078809223
ADRA1B,OPTIMAL,-0.12902805804453304,OPTIMAL,-0.025150487836000025,OPTIMAL,-0.008744107278884162
ADRB1,CUT_LIMIT,,OPTIMAL,-0.09717024528637891,OPTIMAL,-0.021424498926080626
ADRB2,OPTIMAL,0.04260825117421763,OPTIMAL,0.00605755713771121,CUT_LIMIT,
ADRM1,OPTIMAL,-0.09956922243888795,OPTIMAL,0.005221330914169026,OPTIMAL,-0.03264711137696738
ADSL,OPTIMAL,0.25733239781334655,OPTIMAL,0.0077055482193128366,OPTIMAL,-0.012355303966637893
AEBP1,OPTIMAL,0.9997545879260928,OPTIMAL,0.356274739156087,OPTIMAL,0.0900498239965031
AEBP2,OPTIMAL,0.7380213827880964,OPTIMAL,0.6163139064005823,OPTIMAL,0.4777933469188866
AEN,OPTIMAL,-0.09108604597048671,CUT_LIMIT,,OPTIMAL,0.2585627235309999
AFAP1,OPTIMAL,0.2783414104249431,OPTIMAL,0.04629745856008196,OPTIMAL,0.014601297556111632
AFAP1L1,OPTIMAL,-0.16235817282220366,OPTIMAL,-0.08615014652727503,OPTIMAL,-0.08513702716271905
AFF1,OPTIMAL,-0.0708616828067865,OPTIMAL,-0.08434055772163805,OPTIMAL,-0.061867392188515995
AFF4,OPTIMAL,-0.48357426818809607,OPTIMAL,-0.009436910846992608,OPTIMAL,-0.02695492824522399
AFG3L2,OPTIMAL,-0.6791069605366695,OPTIMAL,-0.10097476159957641,OPTIMAL,-0.11600301470263918
AFMID,OPTIMAL,-0.3138248865822888,OPTIMAL,-0.007458131610114059,OPTIMAL,-0.029336288709879223
AFTPH,OPTIMAL,-0.11392318580664366,OPTIMAL,-0.07261531715366706,OPTIMAL,-0.07347108426527071
AGA,OPTIMAL,-0.12081265210208914,OPTIMAL,-0.05050694811650942,OPTIMAL,-0.06130269799096295
AGAP1,OPTIMAL,-0.11681164478078623,OPTIMAL,-0.08892630729448643,OPTIMAL,-0.10130740581070659
AGAP3,OPTIMAL,-0.19361083435300655,OPTIMAL,-0.05340662002107501,CUT_LIMIT,
AGAP6,OPTIMAL,-0.07138733787052179,OPTIMAL,-0.043731352792655,OPTIMAL,-0.042655427455962715
AGBL5,OPTIMAL,-0.11806978837450652,OPTIMAL,-0.07330933791433503,OPTIMAL,-0.08614910679244395
AGFG1,OPTIMAL,0.09893794460064707,OPTIMAL,0.0634080700051064,OPTIMAL,0.039966433569900324
AGFG2,OPTIMAL,-0.3265161176980424,OPTIMAL,-0.05993542571355222,OPTIMAL,-0.07218638947099197
AGGF1,OPTIMAL,-0.04489456180456305,OPTIMAL,-0.04087281703879967,OPTIMAL,-0.038057539185860995
AGK,OPTIMAL,-0.23965901911069254,OPTIMAL,-0.034891761962573924,OPTIMAL,-0.01176885324688968
AGL,OPTIMAL,0.03197691635589386,OPTIMAL,0.051418639328877996,OPTIMAL,0.02874852975241451
AGO1,OPTIMAL,-0.10829039053195919,OPTIMAL,0.04253887690905917,OPTIMAL,0.04579171467506904
AGO2,OPTIMAL,0.06479709174727402,CUT_LIMIT,,OPTIMAL,-0.014083582645347996
AGO3,OPTIMAL,-0.12379589615101408,OPTIMAL,-0.0666694483959169,OPTIMAL,-0.06576934022913362
AGO4,OPTIMAL,-0.11777614395675676,OPTIMAL,-0.06385588832053285,OPTIMAL,-0.06910794729999473
AGPAT1,OPTIMAL,0.09844087289905894,OPTIMAL,0.06845858085635541,OPTIMAL,0.045898959392381936
AGPAT2,OPTIMAL,-0.29467895616506606,OPTIMAL,-0.011334802970637381,CUT_LIMIT,
AGPAT3,OPTIMAL,0.4842623603915761,OPTIMAL,0.49551175672664977,OPTIMAL,0.30057867903818675
AGPAT4,OPTIMAL,0.3942696490106709,OPTIMAL,0.1005637245106921,OPTIMAL,0.0836282018058359
AGPAT5,OPTIMAL,-0.4474608109331198,OPTIMAL,-0.08451232902341448,CUT_LIMIT,
AGPS,OPTIMAL,-0.16947229972879885,OPTIMAL,-0.05568390108926938,CUT_LIMIT,
AGTPBP1,OPTIMAL,-0.06401709801529011,OPTIMAL,-0.06356614524988045,OPTIMAL,-0.0740890898748276
AGTRAP,OPTIMAL,-0.06523773156827507,OPTIMAL,-0.028044506923804436,OPTIMAL,-0.020315720467679658
AHCTF1,CUT_LIMIT,,OPTIMAL,0.02887220256384799,OPTIMAL,0.030164960795915907
AHCY,OPTIMAL,-0.5861543782523999,OPTIMAL,0.07745845283723718,OPTIMAL,0.04614366951098065
AHCYL1,OPTIMAL,-0.3967251706779234,OPTIMAL,-0.15686400737979547,OPTIMAL,-0.18922938103310097
AHDC1,OPTIMAL,0.06575055441166701,OPTIMAL,0.05268509923903774,OPTIMAL,0.02314267795714022
AHI1,OPTIMAL,-0.5407155503987964,OPTIMAL,-0.0846090820564154,OPTIMAL,-0.08182160689154311
AHNAK,OPTIMAL,0.047899515566253034,INFEASIBLE,,OPTIMAL,-0.14061668355275783
AHNAK2,OPTIMAL,0.040456535839192606,OPTIMAL,-0.011965881255649083,OPTIMAL,-0.029353168820554273
AHR,OPTIMAL,-0.881934732390658,OPTIMAL,0.07677186907530774,OPTIMAL,0.03962349403281572
AHRR,CUT_LIMIT,,OPTIMAL,-0.054844681258687085,OPTIMAL,-0.06631438746915941
AHSA1,OPTIMAL,0.3163211175562194,CUT_LIMIT,,OPTIMAL,0.03641272388222002
AIDA,OPTIMAL,-0.4953719585823936,OPTIMAL,-0.030396394782519924,OPTIMAL,-0.05619454118341528
AIFM1,OPTIMAL,-0.005363095934664772,CUT_LIMIT,,OPTIMAL,-0.027078009867146226
AIFM2,OPTIMAL,-0.19987494391788949,OPTIMAL,-0.11449513135565603,CUT_LIMIT,
AIG1,OPTIMAL,0.8382991520587357,OPTIMAL,0.2069349714670038,OPTIMAL,0.19868058063169025
AIMP1,OPTIMAL,-0.8311990785110104,OPTIMAL,-0.1888709644356594,CUT_LIMIT,
AIMP2,OPTIMAL,0.19552555704260724,OPTIMAL,0.10559066725376665,OPTIMAL,0.08875315675341648
AIP,OPTIMAL,0.0321353667120469,OPTIMAL,0.0850353633117634,OPTIMAL,0.051059750022652145
AJUBA,OPTIMAL,-0.11341849724709809,OPTIMAL,-0.06566713852405066,OPTIMAL,-0.0796301619300115
AK1,OPTIMAL,-0.3109144371493674,OPTIMAL,-0.06045264676512768,OPTIMAL,-0.08225839281736808
AK2,OPTIMAL,0.1370366764705949,OPTIMAL,-0.028532939901356007,OPTIMAL,0.008253203834665393
AK3,OPTIMAL,-0.019034310882021614,OPTIMAL,0.0033532611102000958,OPTIMAL,-0.036586909045190213
AK4,OPTIMAL,-0.08614904324043886,CUT_LIMIT,,OPTIMAL,-0.03300430622559207
AK5,OPTIMAL,-0.2662115982363089,CUT_LIMIT,,OPTIMAL,-0.03663836221079918
AK6,OPTIMAL,0.4586081871446346,OPTIMAL,0.058161789085452505,OPTIMAL,0.048390268819571966
AKAP1,OPTIMAL,0.16667060019662305,OPTIMAL,0.04764662009486563,CUT_LIMIT,
AKAP10,OPTIMAL,-0.05273656000413537,OPTIMAL,0.004548806629503171,OPTIMAL,-0.014402651624534413
AKAP11,OPTIMAL,-0.4820939148116399,OPTIMAL,-0.03794033421827621,CUT_LIMIT,
AKAP12,CUT_LIMIT,,CUT_LIMIT,,CUT_LIMIT,
AKAP13,OPTIMAL,0.06344350985292813,OPTIMAL,0.011099353250536417,OPTIMAL,0.00246244702237653
AKAP17A,CUT_LIMIT,,CUT_LIMIT,,OPTIMAL,0.1074585393876664
AKAP7,OPTIMAL,-0.031362005788022014,OPTIMAL,-0.010094984074589919,OPTIMAL,-0.034441859817004095
AKAP8,OPTIMAL,0.46243645343226564,OPTIMAL,0.09310897707462559,OPTIMAL,0.010078822373411544
AKAP8L,OPTIMAL,-0.10477493414705404,OPTIMAL,-0.06812964472307159,OPTIMAL,-0.061313741786257016
AKAP9,OPTIMAL,-0.04118368048400533,CUT_LIMIT,,OPTIMAL,-0.10995058562995214
AKIP1,OPTIMAL,-0.46545397322325827,OPTIMAL,-0.06483761660351815,OPTIMAL,-0.082826248610799
AKIRIN1,CUT_LIMIT,,OPTIMAL,-0.09144768923505914,OPTIMAL,-0.09696864100248802
AKIRIN2,OPTIMAL,0.13647160663303004,OPTIMAL,-0.03861879718950027,OPTIMAL,-0.041212835638696106
AKNA,OPTIMAL,0.006518390185131283,OPTIMAL,0.08790173733021112,OPTIMAL,-0.001385780718450753
AKR1A1,OPTIMAL,-0.12189803153321507,OPTIMAL,0.14801861028638638,OPTIMAL,0.06902234456350012
AKR1B1,CUT_LIMIT,,OPTIMAL,0.11290250519472204,OPTIMAL,0.005894828197089418
AKR1C1,OPTIMAL,0.6354307216555138,OPTIMAL,0.2135085818332786,OPTIMAL,0.19034642513086703
AKR1C2,OPTIMAL,0.05567474466137221,OPTIMAL,0.0866489015525266,CUT_LIMIT,
AKR1C3,OPTIMAL,-0.5380836987052726,OPTIMAL,-0.10374793436254452,OPTIMAL,-0.10456311832412889
AKR1E2,OPTIMAL,-0.4266114804897401,OPTIMAL,-0.07248658270392337,OPTIMAL,-0.08073102484316223
AKR7A2,CUT_LIMIT,,OPTIMAL,0.3407456952479387,OPTIMAL,0.18687368675962535
AKT1,CUT_LIMIT,,OPTIMAL,-0.019621042415324523,OPTIMAL,-0.028195252050427128
AKT1S1,OPTIMAL,-0.901334432233909,CUT_LIMIT,,OPTIMAL,0.011758832859772101
AKT2,OPTIMAL,-0.14946401262011463,OPTIMAL,0.07983541622115284,OPTIMAL,0.017007019535822693
AKT3,OPTIMAL,0.005114951758864556,CUT_LIMIT,,OPTIMAL,0.042529803421316396
AKTIP,OPTIMAL,-0.011671352136523186,OPTIMAL,0.029526786908417316,OPTIMAL,-0.02332337297061619
ALAD,OPTIMAL,-0.8700141035539112,OPTIMAL,-0.3226442067199043,INFEASIBLE,
ALAS1,OPTIMAL,-0.10042696514480537,OPTIMAL,-0.06297333524862032,OPTIMAL,-0.07504705642992611
ALCAM,OPTIMAL,0.28019365529589235,CUT_LIMIT,,CUT_LIMIT,
ALDH16A1,OPTIMAL,0.032993337670368716,OPTIMAL,-0.04269232618006397,OPTIMAL,-0.001901167939993405
ALDH18A1,OPTIMAL,-0.4756695845601957,OPTIMAL,0.014187801235087661,OPTIMAL,-0.009929417013263409
ALDH1B1,OPTIMAL,-0.1809150505335571,OPTIMAL,-0.16883035876799002,OPTIMAL,-0.1570814797238051
ALDH1L2,OPTIMAL,0.1391496095661609,CUT_LIMIT,,CUT_LIMIT,
ALDH2,OPTIMAL,-0.14444234198887504,OPTIMAL,-0.07761350831300153,OPTIMAL,-0.08333350821657368
ALDH3A2,OPTIMAL,0.05201618943116902,OPTIMAL,0.04311109428167446,OPTIMAL,0.02421451830589565
ALDH3B1,OPTIMAL,-0.09844920473650685,OPTIMAL,-0.11447949348293357,OPTIMAL,-0.09822347616703228
ALDH6A1,OPTIMAL,-0.019853786786920225,OPTIMAL,-0.05110356919577073,OPTIMAL,-0.043758284163091216
ALDH7A1,OPTIMAL,-0.3349845394454107,OPTIMAL,-0.1386559747795322,CUT_LIMIT,
ALDH9A1,OPTIMAL,-0.6931026763723165,OPTIMAL,-0.1306010122265779,OPTIMAL,-0.15617687446948214
ALDOA,OPTIMAL,0.09935377842695786,OPTIMAL,0.021364799544647123,OPTIMAL,-0.02738142166636701
ALG1,OPTIMAL,-0.12182143067054556,OPTIMAL,-0.09396215814808374,OPTIMAL,-0.08128432809297993
ALG11,OPTIMAL,0.9999999999593998,OPTIMAL,0.9999689939171102,OPTIMAL,0.5289715360715186
ALG13,OPTIMAL,-0.05600887756288356,OPTIMAL,-0.16259258203929464,OPTIMAL,-0.04684093682496731
ALG14,OPTIMAL,-0.1756711709456159,OPTIMAL,-0.01741882071769732,OPTIMAL,-0.0243224446521943
ALG2,OPTIMAL,-0.21527088041452744,OPTIMAL,-0.05908346315540081,OPTIMAL,-0.0593642076349498
ALG3,CUT_LIMIT,,OPTIMAL,-0.017027204077644575,OPTIMAL,0.0636156716198449
ALG5,OPTIMAL,-0.4480252082808996,OPTIMAL,-0.07144624718254607,OPTIMAL,-0.08810711020508694
ALG6,OPTIMAL,-0.3613013595259967,OPTIMAL,-0.07714789141062281,OPTIMAL,-0.05430835810171262
ALG8,OPTIMAL,-0.10970897065241159,OPTIMAL,-0.08825365601772951,OPTIMAL,-0.039216663119414866
ALG9,OPTIMAL,-0.30826753470620577,OPTIMAL,-0.07187743069566091,OPTIMAL,-0.06305586151889749
ALKBH1,OPTIMAL,-0.06705066568306901,OPTIMAL,-0.051531628130187676,OPTIMAL,-0.07215047582732073
ALKBH2,CUT_LIMIT,,OPTIMAL,-0.10083608435644649,OPTIMAL,-0.1075734113113447
ALKBH3,OPTIMAL,0.03495378677782754,OPTIMAL,0.07716460626139655,OPTIMAL,0.032210751061054865
ALKBH5,OPTIMAL,-0.24978188026674158,OPTIMAL,-0.05301709652225777,OPTIMAL,-0.07684268107250594
ALKBH7,OPTIMAL,-0.14093285305031952,OPTIMAL,-0.10953919553570672,OPTIMAL,-0.0979177030658749
ALKBH8,OPTIMAL,-0.037226917409809455,OPTIMAL,-0.016161057486538948,OPTIMAL,-0.030972637802781346
ALMS1,OPTIMAL,0.032436675630130946,OPTIMAL,0.010327974365807402,OPTIMAL,0.015697401410148366
ALPK1,OPTIMAL,0.04550344727380322,OPTIMAL,-0.0072580278037178555,OPTIMAL,0.03269678717123576
ALPK2,OPTIMAL,-0.09097730934580953,OPTIMAL,-0.05737870758209726,OPTIMAL,-0.0372522890695239
ALS2,OPTIMAL,0.011661847171575406,OPTIMAL,0.11685121222617294,OPTIMAL,0.10770939264785538
ALYREF,CUT_LIMIT,,OPTIMAL,0.03670183833865332,OPTIMAL,0.005116519807257991
AMBRA1,OPTIMAL,0.01772530250730629,OPTIMAL,0.04891962138066214,OPTIMAL,-0.035344540248402424
AMD1,CUT_LIMIT,,OPTIMAL,0.2825110327451047,OPTIMAL,0.128824423434053
AMDHD2,OPTIMAL,-0.02452683633886282,OPTIMAL,-0.00855181398382444,OPTIMAL,-0.009460173375935943
AMFR,OPTIMAL,-0.4252923851833201,OPTIMAL,-0.024151790781078313,OPTIMAL,-0.048861265457196906
AMMECR1,OPTIMAL,0.03336372932147345,OPTIMAL,-0.021894787636805697,OPTIMAL,0.016517738388768723
AMMECR1L,OPTIMAL,-0.1391496717565193,CUT_LIMIT,,OPTIMAL,0.03130947146204929
AMOT,CUT_LIMIT,,OPTIMAL,0.37444277156102784,OPTIMAL,0.18074555011691948
AMOTL1,OPTIMAL,-0.17039111453578543,OPTIMAL,0.14694083076306258,OPTIMAL,0.03476318354435257
AMOTL2,OPTIMAL,-0.07771967698761975,OPTIMAL,-0.05255348745448127,OPTIMAL,-0.059356404729153725
AMPD2,CUT_LIMIT,,OPTIMAL,0.004824121547673594,OPTIMAL,0.08615098347980606
AMPD3,OPTIMAL,-0.05786592981755491,OPTIMAL,-0.03520795450176908,OPTIMAL,-0.05589389466299857
AMZ2,OPTIMAL,-0.0849330851028919,OPTIMAL,0.008607864917833547,OPTIMAL,-0.0012376849658071365
ANAPC1,OPTIMAL,-0.3703372141083981,OPTIMAL,-0.0021100331484987696,OPTIMAL,-0.004438314421155266
ANAPC10,OPTIMAL,-0.1892982072034037,OPTIMAL,-0.08566265809604927,OPTIMAL,-0.09954259538880372
ANAPC11,OPTIMAL,-0.02529390483035042,OPTIMAL,-0.7157595016583778,INFEASIBLE,
ANAPC13,OPTIMAL,0.14753591968900887,OPTIMAL,0.1384765446694837,OPTIMAL,0.1159692571644861
ANAPC15,OPTIMAL,-0.10243437526726337,OPTIMAL,0.033520829675660044,OPTIMAL,0.00648343869100162
ANAPC16,OPTIMAL,-0.42670652302586154,OPTIMAL,-0.024343645190708665,OPTIMAL,-0.03261021950643652
ANAPC2,OPTIMAL,-0.9375562310361997,OPTIMAL,-0.05027227579726202,OPTIMAL,-0.03154869502121528
ANAPC4,OPTIMAL,-0.587251194761505,OPTIMAL,-0.07144423094287387,OPTIMAL,-0.0935597818228648
ANAPC5,CUT_LIMIT,,OPTIMAL,0.13953407062539744,OPTIMAL,0.284019512244425
ANAPC7,OPTIMAL,-0.31982177228116876,OPTIMAL,-0.10533767572516975,OPTIMAL,-0.13011972237825478
ANGEL1,OPTIMAL,-0.034156595304565586,OPTIMAL,-0.04092397667010814,OPTIMAL,-0.029966430504664708
ANGEL2,CUT_LIMIT,,OPTIMAL,-0.10283004753630523,OPTIMAL,-0.0724201380275894
ANGPTL4,CUT_LIMIT,,OPTIMAL,-0.09109514112483619,OPTIMAL,-0.08378925229035311
ANK2,OPTIMAL,-0.07147715650861941,OPTIMAL,-0.019397479338666545,OPTIMAL,-0.04740130353036164
ANKEF1,CUT_LIMIT,,OPTIMAL,-0.031500958282154795,OPTIMAL,-0.030305288124391122
ANKFY1,CUT_LIMIT,,CUT_LIMIT,,OPTIMAL,0.1210347568951107
ANKH,OPTIMAL,-0.16243960443339767,OPTIMAL,0.02932051605368419,OPTIMAL,0.02094199282139658
ANKHD1,OPTIMAL,-0.8006481831483544,OPTIMAL,-0.0434751961096065,OPTIMAL,-0.06104557214543879
ANKIB1,OPTIMAL,-0.2768822548973587,CUT_LIMIT,,OPTIMAL,-0.024641072497458314
ANKLE2,OPTIMAL,-0.04135722328687617,CUT_LIMIT,,OPTIMAL,-0.05599208337951785
ANKMY2,OPTIMAL,-0.13767727123649529,OPTIMAL,-0.12316875175914631,OPTIMAL,-0.041154645182475386
ANKRD1,OPTIMAL,-0.037454641437092207,OPTIMAL,-0.020955245979253287,CUT_LIMIT,
ANKRD10,OPTIMAL,-0.10292355767148542,OPTIMAL,-0.07270236834739591,CUT_LIMIT,
ANKRD11,OPTIMAL,-0.18556248460679575,OPTIMAL,-0.45484823744515146,OPTIMAL,-0.29814274633218796
ANKRD12,OPTIMAL,0.2523157535004894,OPTIMAL,-0.0601840682017177,CUT_LIMIT,
ANKRD13A,OPTIMAL,-0.9586140102448639,OPTIMAL,-0.23109636801317066,OPTIMAL,-0.2218080421497506
ANKRD13C,OPTIMAL,0.3931798085072097,OPTIMAL,0.07011126745391949,OPTIMAL,0.047770793974994265
ANKRD13D,OPTIMAL,-0.26351381417548914,OPTIMAL,0.1473087814854288,OPTIMAL,0.08627954559257499
ANKRD16,OPTIMAL,0.2619473846950185,OPTIMAL,0.5597952316421475,OPTIMAL,0.1618468918341849
ANKRD17,OPTIMAL,0.17744048421435002,OPTIMAL,-0.03413721300924581,OPTIMAL,-0.031767184112491305
ANKRD2,OPTIMAL,-0.09420677471899884,CUT_LIMIT,,OPTIMAL,-0.042849885265701514
ANKRD26,OPTIMAL,0.3045636111482226,CUT_LIMIT,,OPTIMAL,0.07619609688314893
ANKRD27,OPTIMAL,-0.4482350620328109,OPTIMAL,-0.10828631461450239,OPTIMAL,-0.116918940198284
ANKRD28,OPTIMAL,-0.28996201801199295,OPTIMAL,-0.0710339984849369,OPTIMAL,-0.062212377980458054
ANKRD34A,OPTIMAL,0.20688874506384297,OPTIMAL,0.0837506182324421,OPTIMAL,0.096133807182514
ANKRD35,OPTIMAL,-0.10487489226247379,OPTIMAL,-0.05528671116424602,OPTIMAL,-0.06496745954127126
ANKRD36,OPTIMAL,-0.4609970744753003,OPTIMAL,-0.05572274236620255,OPTIMAL,-0.0719681623397192
ANKRD36B,OPTIMAL,-0.5444493167178717,OPTIMAL,-0.1033747458505541,OPTIMAL,-0.11118166122595177
ANKRD36C,OPTIMAL,0.12084382292926313,CUT_LIMIT,,OPTIMAL,0.015612615127566324
ANKRD37,OPTIMAL,-0.19925809717486126,OPTIMAL,-0.005151169587473332,OPTIMAL,0.04039504550283878
ANKRD39,OPTIMAL,-0.01976410184567066,OPTIMAL,-0.05561569595893295,OPTIMAL,0.004419531003382122
ANKRD40,OPTIMAL,0.48362118842041274,OPTIMAL,0.1445493036203422,OPTIMAL,0.22133283470180462
ANKRD42,OPTIMAL,-0.023422497620465384,OPTIMAL,-0.008314808833041743,OPTIMAL,-0.006822115762806204
ANKRD46,OPTIMAL,-0.3590722984740766,OPTIMAL,-0.03266394723290039,OPTIMAL,-0.0430900859037942
ANKRD49,OPTIMAL,-0.0865903665061164,OPTIMAL,0.006007572791576386,OPTIMAL,-0.028531854573625507
ANKRD50,OPTIMAL,1.0000000943292044,CUT_LIMIT,,OPTIMAL,0.3724482425033792
ANKRD52,OPTIMAL,-0.1347111858471775,OPTIMAL,-0.027571533829078218,OPTIMAL,-0.04532805411939037
ANKRD54,OPTIMAL,-0.23938312525512173,OPTIMAL,-0.07301301563403281,OPTIMAL,-0.06703470871320513
ANKRD9,OPTIMAL,-0.0888616246805753,OPTIMAL,-0.10244670061465472,OPTIMAL,-0.08864003222990903
ANKS1A,OPTIMAL,-0.1286172302953998,OPTIMAL,-0.08518673341236936,OPTIMAL,-0.09677275888811365
ANKS3,OPTIMAL,-0.2410709689472524,OPTIMAL,-0.018552310214959997,OPTIMAL,0.00037654663986915095
ANKS6,OPTIMAL,-0.06456266301317012,OPTIMAL,-0.034555979309456995,OPTIMAL,-0.0517608122319179
ANKZF1,OPTIMAL,1.0000000000661693,OPTIMAL,0.8832452020061751,OPTIMAL,0.6322760961199034
ANLN,OPTIMAL,-0.028590424881229204,CUT_LIMIT,,OPTIMAL,-0.17242278209001982
ANO10,OPTIMAL,-0.037982361660787986,OPTIMAL,-0.29460486596494545,OPTIMAL,-0.16273009118390405
ANO3,OPTIMAL,-0.3378134565447271,OPTIMAL,-0.1313027887201303,OPTIMAL,-0.04567276514545831
ANO6,OPTIMAL,-0.5212258620058673,OPTIMAL,-0.08029744720271714,OPTIMAL,-0.0826799269423811
ANP32A,OPTIMAL,-0.05302034405784156,CUT_LIMIT,,OPTIMAL,-0.1219048661018824
ANP32B,CUT_LIMIT,,OPTIMAL,-0.07214136053302891,OPTIMAL,-0.3137274362334713
ANP32E,CUT_LIMIT,,CUT_LIMIT,,OPTIMAL,-0.07600626157231666
ANPEP,OPTIMAL,0.13648956785061075,OPTIMAL,-0.0915637281717308,OPTIMAL,0.057880157075346016
ANTXR1,OPTIMAL,-0.22252022661871687,OPTIMAL,0.005404669268053304,OPTIMAL,-0.04060978250007357
ANTXR2,CUT_LIMIT,,OPTIMAL,0.031108548316382677,OPTIMAL,-0.02279948042341849
ANXA1,CUT_LIMIT,,CUT_LIMIT,,INFEASIBLE,
ANXA11,OPTIMAL,0.4817371947108794,CUT_LIMIT,,OPTIMAL,-0.042465423951195534
ANXA2,INFEASIBLE,,INFEASIBLE,,INFEASIBLE,
ANXA2R,OPTIMAL,-0.06504354709109256,OPTIMAL,-0.022219713072758305,INFEASIBLE,
ANXA3,OPTIMAL,-0.41121461038697693,OPTIMAL,-0.04407224131384222,OPTIMAL,-0.07399569943082111
ANXA4,CUT_LIMIT,,OPTIMAL,-0.051231727167578026,OPTIMAL,0.07725348167894594
ANXA5,OPTIMAL,-0.606151418586569,OPTIMAL,-0.8299863324209314,OPTIMAL,0.12431013584009126
ANXA6,OPTIMAL,-0.6311686819082242,CUT_LIMIT,,CUT_LIMIT,
ANXA7,OPTIMAL,0.46195936986156183,OPTIMAL,0.3110819263920637,OPTIMAL,0.11914207247833127
AOX1,OPTIMAL,0.4394317609114447,OPTIMAL,0.15194892573246205,OPTIMAL,0.1302595692660952
AP1AR,OPTIMAL,-0.1010982345359829,OPTIMAL,-0.07006440162464203,OPTIMAL,-0.08661190504321956
AP1B1,OPTIMAL,-0.5668788507455248,CUT_LIMIT,,CUT_LIMIT,
AP1G1,OPTIMAL,0.27081715350110636,CUT_LIMIT,,OPTIMAL,0.11981935541720122
AP1M1,OPTIMAL,-0.14010037647455284,OPTIMAL,-0.2369641997289483,OPTIMAL,-0.16671798255477588
AP1S1,OPTIMAL,-0.15479749471943963,OPTIMAL,0.09869028376062743,OPTIMAL,-0.00822713341326653
AP1S2,OPTIMAL,-0.6103730753051583,OPTIMAL,-0.17241762110620135,OPTIMAL,-0.14586242150014095
AP2A1,OPTIMAL,0.41998549083571113,OPTIMAL,0.14659523510401867,OPTIMAL,0.2553348460715333
AP2A2,CUT_LIMIT,,OPTIMAL,0.12871404030445252,OPTIMAL,0.1997484621519379
AP2B1,CUT_LIMIT,,OPTIMAL,0.29524660474747755,OPTIMAL,0.2290439463973341
AP2M1,OPTIMAL,0.03792590197960332,OPTIMAL,-0.3177522662688758,OPTIMAL,-0.2510025530537135
AP2S1,CUT_LIMIT,,CUT_LIMIT,,OPTIMAL,0.026631410963208438
AP3B1,OPTIMAL,-0.20311679275953923,CUT_LIMIT,,OPTIMAL,0.007575185684262846
AP3D1,OPTIMAL,-0.24206730905862875,CUT_LIMIT,,CUT_LIMIT,
AP3M1,OPTIMAL,0.05614844218506678,OPTIMAL,0.04326968308939099,OPTIMAL,0.006885269541530687
AP3M2,OPTIMAL,0.24280205004419977,OPTIMAL,-0.017908265216050236,OPTIMAL,-0.0071684488596994445
AP3S1,CUT_LIMIT,,CUT_LIMIT,,OPTIMAL,-0.10072541363831866
AP3S2,OPTIMAL,-0.3699457115633179,CUT_LIMIT,,OPTIMAL,-0.0708758906102428
AP4B1,OPTIMAL,-0.026554658084054765,OPTIMAL,-0.01886850901299697,OPTIMAL,-0.02502959778487631
AP4E1,OPTIMAL,-0.5358325106291953,OPTIMAL,-0.12544556484851724,OPTIMAL,-0.10701356090850286
AP4M1,OPTIMAL,-0.014858187712677757,CUT_LIMIT,,INFEASIBLE,
AP5B1,OPTIMAL,0.0064930857736971315,OPTIMAL,0.009722592328662006,OPTIMAL,0.028359210497226246
AP5M1,OPTIMAL,0.08454762168593641,CUT_LIMIT,,OPTIMAL,-0.04111671792041832
AP5S1,OPTIMAL,-0.33268722820848823,CUT_LIMIT,,OPTIMAL,-0.07037350039466185
AP5Z1,OPTIMAL,-0.030784387021953716,OPTIMAL,-0.054926124623980326,OPTIMAL,-0.04490062115026646
APAF1,OPTIMAL,-0.1286222473231915,OPTIMAL,-0.06285186837152804,OPTIMAL,-0.06551482833968318
APBA1,OPTIMAL,-0.10868458157092382,OPTIMAL,-0.06393834820313696,OPTIMAL,-0.06318893394006161
APBA3,OPTIMAL,-0.05126381037074264,CUT_LIMIT,,OPTIMAL,-0.04740323458768835
APBB1,OPTIMAL,0.005364765238780158,OPTIMAL,0.021120971704219595,OPTIMAL,0.00019395053704462435
APBB2,OPTIMAL,-0.24447860886134487,CUT_LIMIT,,OPTIMAL,-0.03364617533647543
APC,OPTIMAL,-0.5821692494545914,CUT_LIMIT,,OPTIMAL,-0.12017026250822796
APCDD1,OPTIMAL,-0.16850752061623278,OPTIMAL,0.09360749925329627,OPTIMAL,0.04101715987030105
APEH,OPTIMAL,-0.660445533496598,OPTIMAL,-0.13528343884111318,OPTIMAL,-0.14716404263237276
APEX1,OPTIMAL,0.188579507750272,OPTIMAL,0.037901211958348315,OPTIMAL,-0.019498948184834056
APEX2,OPTIMAL,-0.41228031421006406,OPTIMAL,-0.22656526794944223,OPTIMAL,-0.10400831098617778
APH1A,OPTIMAL,-0.1032972776772032,OPTIMAL,-0.1301036355204303,OPTIMAL,-0.06861837670881647
APH1B,OPTIMAL,-0.1204871033568938,OPTIMAL,-0.07122724814992719,OPTIMAL,-0.07253152656137353
API5,OPTIMAL,-0.16833939252753113,OPTIMAL,0.06428622929008776,OPTIMAL,0.05627693543806993
APIP,OPTIMAL,0.0870322393272754,OPTIMAL,0.08823856156609339,OPTIMAL,0.21782440957030524
APLP2,OPTIMAL,-0.2864235630601933,OPTIMAL,-0.049748164436300944,INFEASIBLE,
APMAP,OPTIMAL,0.7546635896382032,OPTIMAL,0.627487294211127,OPTIMAL,0.27275883244951743
APOBEC3A,OPTIMAL,-0.1644511334985756,OPTIMAL,-0.10160543030504122,OPTIMAL,-0.09576496712423013
APOBEC3B,OPTIMAL,0.17788673951889064,OPTIMAL,0.1333277149952837,OPTIMAL,0.1037764687729893
APOBEC3C,OPTIMAL,-0.1116815099657973,CUT_LIMIT,,OPTIMAL,-0.09704106981933237
APOBEC3D,OPTIMAL,-0.07131871633565014,OPTIMAL,-0.06648197574477357,OPTIMAL,-0.07320451502806137
APOBEC3G,OPTIMAL,-0.3347416835946444,OPTIMAL,-0.07572492744817995,OPTIMAL,-0.06642934129666285
APOD,OPTIMAL,-0.045972341319765145,OPTIMAL,-0.024947998575086935,OPTIMAL,-0.04552315243391813
APOL2,OPTIMAL,-0.06587612508246474,OPTIMAL,0.09265198145975284,OPTIMAL,0.023651675257401073
APOL6,OPTIMAL,0.11859048434237787,OPTIMAL,0.08963417168893228,OPTIMAL,0.07452788218605683
APOLD1,OPTIMAL,-0.15153100192930188,OPTIMAL,-0.0918946277635839,OPTIMAL,-0.13035124269054013
APOO,OPTIMAL,-0.13832382564603032,OPTIMAL,-0.09177625383588012,OPTIMAL,-0.07777974353718445
APOOL,OPTIMAL,-0.036924895934194214,OPTIMAL,-0.02261567988952482,OPTIMAL,-0.035446796200305844
APP,OPTIMAL,-0.07841488223899794,OPTIMAL,-0.11251404943277163,OPTIMAL,-0.0438572779079273
APPBP2,OPTIMAL,0.008129431984061896,OPTIMAL,-0.06804491665402755,OPTIMAL,-0.08888731327827389
APPL1,OPTIMAL,-0.1332303297332903,CUT_LIMIT,,OPTIMAL,-0.058677547330994895
APPL2,OPTIMAL,-0.6113450574003365,OPTIMAL,-0.11498614786967938,CUT_LIMIT,
APRT,OPTIMAL,-0.30444299330149865,CUT_LIMIT,,OPTIMAL,-0.08508281775587608
APTX,OPTIMAL,-0.3861273874907911,CUT_LIMIT,,OPTIMAL,-0.06842386082518027
AQP1,OPTIMAL,-0.38798244288098477,OPTIMAL,-0.06965388584026763,CUT_LIMIT,
AQR,OPTIMAL,-0.05328627568818846,OPTIMAL,0.018801217283077327,OPTIMAL,-0.014261078880716144
AR,CUT_LIMIT,,CUT_LIMIT,,OPTIMAL,-0.0469288400820332
ARAF,CUT_LIMIT,,CUT_LIMIT,,OPTIMAL,-0.033405646719840774
ARAP1,OPTIMAL,-0.10221697053874967,OPTIMAL,-0.08611328554007627,OPTIMAL,-0.07214912572855749
ARAP3,OPTIMAL,-0.33739297441996785,OPTIMAL,-0.07576946070541418,OPTIMAL,-0.07609225266196326
ARCN1,OPTIMAL,0.8936544153956163,OPTIMAL,0.28906831020343654,OPTIMAL,0.12867618406084963
AREL1,OPTIMAL,-0.02523615732314072,OPTIMAL,-0.0327718755098797,OPTIMAL,-0.017961613690529555
ARF1,OPTIMAL,-0.2726278293134136,CUT_LIMIT,,OPTIMAL,-0.9341762864603277
ARF3,OPTIMAL,-0.5209362802764679,CUT_LIMIT,,OPTIMAL,-0.10858439538687219
ARF4,CUT_LIMIT,,CUT_LIMIT,,OPTIMAL,-0.2016480921432358
ARF5,OPTIMAL,-0.025538928395711095,OPTIMAL,-0.018953829081480245,OPTIMAL,-0.05026566383158518
ARF6,OPTIMAL,-0.8799387147931289,OPTIMAL,-0.019926430014741085,OPTIMAL,0.009358664209007163
ARFGAP1,OPTIMAL,-0.12007279565427145,OPTIMAL,-0.015616836202004799,OPTIMAL,-0.04207382058236262
ARFGAP2,OPTIMAL,-0.33361924528019427,OPTIMAL,-0.07207013056254301,CUT_LIMIT,
ARFGAP3,OPTIMAL,-0.36774661448879475,OPTIMAL,-0.013194194596446426,OPTIMAL,-0.024248544682501736
ARFGEF1,OPTIMAL,0.6186876497428068,OPTIMAL,0.1514891298988998,OPTIMAL,0.1523582860803037
ARFGEF2,OPTIMAL,-0.32079805041614123,OPTIMAL,-0.03317700562950685,OPTIMAL,-0.0010602716834095614
ARFIP1,OPTIMAL,-0.576175567355323,OPTIMAL,0.09854993021736769,OPTIMAL,0.09510995734798756
ARFIP2,OPTIMAL,-0.40247875889625245,OPTIMAL,-0.02511526646123082,OPTIMAL,-0.03955412371011649
ARFRP1,CUT_LIMIT,,OPTIMAL,-0.09570611565209361,OPTIMAL,-0.10543523295903091
ARGLU1,OPTIMAL,-0.5992278504903406,OPTIMAL,-0.31139895762652003,OPTIMAL,-0.2411165017398531
ARHGAP1,OPTIMAL,-0.20454270562663288,OPTIMAL,-0.1048252249407261,OPTIMAL,-0.15152505292970886
ARHGAP10,OPTIMAL,-0.2739456778597853,CUT_LIMIT,,CUT_LIMIT,
ARHGAP11A,OPTIMAL,0.3160061207749616,CUT_LIMIT,,OPTIMAL,-0.08170879831861025
ARHGAP11B,OPTIMAL,-0.3558646546563614,OPTIMAL,-0.09062217706615411,OPTIMAL,-0.08978774702023733
ARHGAP12,OPTIMAL,0.15820358561098058,CUT_LIMIT,,OPTIMAL,-0.05910749930165814
ARHGAP17,OPTIMAL,-0.2871106397153568,CUT_LIMIT,,OPTIMAL,-0.008242732763742495
ARHGAP18,CUT_LIMIT,,CUT_LIMIT,,OPTIMAL,-0.24408420603377382
ARHGAP19,OPTIMAL,-0.1270359258543044,OPTIMAL,0.024371079905502066,OPTIMAL,-0.05131643844749408
ARHGAP21,OPTIMAL,-0.40105972847837507,CUT_LIMIT,,OPTIMAL,0.13993070407549626
ARHGAP22,OPTIMAL,0.11632610349518178,OPTIMAL,-0.2011575539511157,OPTIMAL,-0.1058273315456652
ARHGAP23,OPTIMAL,-0.06543691708208038,OPTIMAL,-0.035684358162254695,OPTIMAL,-0.07152399849083411
ARHGAP24,CUT_LIMIT,,OPTIMAL,-0.06863441010850485,OPTIMAL,-0.06509639994097516
ARHGAP29,OPTIMAL,-0.5803115290148528,OPTIMAL,-0.10252493002146972,OPTIMAL,-0.14560620282656525
ARHGAP31,OPTIMAL,0.40398661487353216,OPTIMAL,0.2809137280452913,OPTIMAL,0.07543108443930684
ARHGAP32,OPTIMAL,-0.1196001670929192,OPTIMAL,-0.09771581677461312,OPTIMAL,-0.08587625532826224
ARHGAP35,OPTIMAL,-0.8507245271693847,OPTIMAL,-0.07252205454037511,OPTIMAL,-0.047216240783123004
ARHGAP5,OPTIMAL,0.3829874239707233,OPTIMAL,0.23511692568070852,OPTIMAL,0.09059358935571117
ARHGAP6,OPTIMAL,-0.37767368279616165,OPTIMAL,-0.09588670190241044,OPTIMAL,-0.05108675582475175
ARHGDIA,OPTIMAL,-0.1870813004144732,CUT_LIMIT,,CUT_LIMIT,
ARHGEF1,OPTIMAL,0.12645362400090615,OPTIMAL,0.050881015869019316,OPTIMAL,0.0554034762073768
ARHGEF10,OPTIMAL,0.13520691319308697,OPTIMAL,-0.17451560341164965,OPTIMAL,-0.05279739907903862
ARHGEF10L,OPTIMAL,-0.026698068715206285,OPTIMAL,0.132722516706208,OPTIMAL,0.11475077745811865
ARHGEF11,OPTIMAL,-0.07341984161263015,OPTIMAL,-0.0662923637598828,OPTIMAL,-0.06504081859337357
ARHGEF12,CUT_LIMIT,,CUT_LIMIT,,OPTIMAL,-0.00402237595276999
ARHGEF17,OPTIMAL,-0.026638631239009013,CUT_LIMIT,,OPTIMAL,-0.015602407091948801
ARHGEF19,OPTIMAL,-0.09747925528260505,OPTIMAL,-0.06519791013787277,OPTIMAL,-0.07090006046213691
ARHGEF2,OPTIMAL,-0.19793070523386458,OPTIMAL,-0.007665976276741064,CUT_LIMIT,
ARHGEF26,OPTIMAL,-0.08703788958929187,OPTIMAL,-0.045317454486927276,OPTIMAL,-0.016256498707337908
ARHGEF28,OPTIMAL,-0.29907293175759003,OPTIMAL,-0.15165371079651335,OPTIMAL,-0.05593616090143806
ARHGEF39,OPTIMAL,-0.3221401731298625,OPTIMAL,-0.08952921726557579,OPTIMAL,-0.06687415478417538
ARHGEF40,OPTIMAL,-0.07288752336696765,OPTIMAL,0.021549929227667648,OPTIMAL,-0.014350272969967067
ARHGEF5,OPTIMAL,0.24198593116368808,OPTIMAL,0.04765073974140653,OPTIMAL,0.030569716405714525
ARHGEF6,OPTIMAL,0.022321917476742,OPTIMAL,0.03058533094920171,OPTIMAL,0.010611224829838431
ARHGEF7,OPTIMAL,-0.1292039269656771,OPTIMAL,-0.07873641789212577,OPTIMAL,-0.09028094092322517
ARHGEF9,OPTIMAL,-0.058292942401552236,OPTIMAL,-0.06466343137495707,OPTIMAL,-0.07106711059028675
ARID1A,OPTIMAL,0.09961557623078708,CUT_LIMIT,,OPTIMAL,-0.014313521335290109
ARID1B,OPTIMAL,-0.4893504442439618,OPTIMAL,-0.09208084279929374,OPTIMAL,-0.11569809993127741
ARID2,OPTIMAL,-0.12611602862587326,OPTIMAL,-0.060612471622064734,OPTIMAL,-0.059694638730209575
ARID3A,OPTIMAL,-0.5604004332839795,OPTIMAL,-0.08490285803900553,OPTIMAL,-0.0734584807168088
ARID4A,OPTIMAL,-0.12536021721477186,OPTIMAL,-0.08831075969602097,OPTIMAL,-0.09497111208918882
ARID4B,OPTIMAL,-0.9876243683550305,OPTIMAL,-0.03554640123948919,OPTIMAL,0.0763312320871918
ARID5B,OPTIMAL,-0.4832993116177963,OPTIMAL,-0.0718321349703641,OPTIMAL,-0.08784089381710379
ARIH1,OPTIMAL,0.141771097660678,OPTIMAL,-0.22156415256955186,OPTIMAL,0.019279941190235517
ARIH2,OPTIMAL,0.5023021003600934,CUT_LIMIT,,OPTIMAL,0.11573587707755599
ARL1,OPTIMAL,-0.38606210860976153,CUT_LIMIT,,OPTIMAL,-0.13118323450275518
ARL10,OPTIMAL,-0.11187121616538713,OPTIMAL,-0.06021781888020309,OPTIMAL,-0.07105646714795988
ARL13B,OPTIMAL,-0.1197540159570903,OPTIMAL,0.10869701488081479,OPTIMAL,0.08178035042654133
ARL14EP,OPTIMAL,0.2821195987327463,OPTIMAL,0.18607958313295755,OPTIMAL,0.1968830909246373
ARL16,OPTIMAL,0.26703159771237656,OPTIMAL,0.09219899594856167,OPTIMAL,0.1004348097273483
ARL2,OPTIMAL,-0.04282955593330046,OPTIMAL,-0.04832688180693698,CUT_LIMIT,
ARL3,OPTIMAL,-0.7235485731062636,OPTIMAL,-0.06367715520701829,OPTIMAL,-0.048609569900552305
ARL4A,OPTIMAL,-0.4175367618699535,OPTIMAL,-0.09956645533808903,OPTIMAL,-0.07358694500929518
ARL4C,OPTIMAL,-0.09728069321017412,CUT_LIMIT,,OPTIMAL,-0.07176086758800203
ARL4D,OPTIMAL,-0.13908262362367704,OPTIMAL,-0.12427775028107939,OPTIMAL,-0.11501672031892038
ARL5A,OPTIMAL,-0.16883103596078894,OPTIMAL,-0.18212499462296425,OPTIMAL,-0.19311335626960005
ARL5B,OPTIMAL,-0.2960936964251778,OPTIMAL,-0.07765924346961792,OPTIMAL,-0.08189072048193402
ARL6,OPTIMAL,0.9997207568432688,OPTIMAL,0.4473600043696716,OPTIMAL,0.462089684815421
ARL6IP1,CUT_LIMIT,,OPTIMAL,-0.334592495798505,OPTIMAL,-0.05896426900266002
ARL6IP5,OPTIMAL,-0.027833739002489737,OPTIMAL,-0.2944299537233476,OPTIMAL,-0.1889791761574234
ARL6IP6,CUT_LIMIT,,OPTIMAL,-0.1069115234136539,OPTIMAL,-0.11637964886156926
ARL8A,OPTIMAL,-0.11361511679287148,OPTIMAL,-0.05070390762868577,OPTIMAL,-0.06470598590781257
ARL8B,OPTIMAL,-0.7760666787210236,OPTIMAL,-0.21808057997826388,OPTIMAL,-0.20360371915761039
ARMC1,OPTIMAL,-0.16814292989121457,OPTIMAL,-0.09753170472493838,OPTIMAL,-0.11309976921501096
ARMC10,OPTIMAL,-0.10066343507660944,OPTIMAL,-0.06706818800261123,OPTIMAL,-0.07961900613645857
ARMC5,OPTIMAL,-1.0000013561817296,OPTIMAL,-0.04633646201786744,INFEASIBLE,
ARMC6,OPTIMAL,0.020419519885678295,OPTIMAL,0.14049741667981272,OPTIMAL,0.13493310136674436
ARMC7,OPTIMAL,0.9999999997029075,OPTIMAL,0.6411379568227266,OPTIMAL,0.31587851159617686
ARMC8,OPTIMAL,-0.15104932375630276,OPTIMAL,-0.1806626789161661,OPTIMAL,-0.05222319810325897
ARMC9,OPTIMAL,-0.035944169873797734,OPTIMAL,-0.09376974698588234,OPTIMAL,-0.0707207073588124
ARMCX1,OPTIMAL,-0.20987779928944322,CUT_LIMIT,,CUT_LIMIT,
ARMCX2,OPTIMAL,-0.09966266734776098,OPTIMAL,-0.06037944122079409,OPTIMAL,-0.06097646645632242
ARMCX3,OPTIMAL,0.9993410832651628,OPTIMAL,0.8723829380547493,OPTIMAL,0.4610745409622992
ARMCX4,OPTIMAL,-0.07048628466317781,OPTIMAL,-0.04374797503133398,INFEASIBLE,
ARMCX6,OPTIMAL,-0.4772380984573944,OPTIMAL,-0.08568812770595025,OPTIMAL,-0.10287414040528979
ARMT1,OPTIMAL,-0.10213592261086736,OPTIMAL,0.010740773590281572,OPTIMAL,0.055980127617581345
ARNT,OPTIMAL,-0.18106042918487736,CUT_LIMIT,,OPTIMAL,-0.013499576975251231
ARPC1A,OPTIMAL,-0.8554094222433123,OPTIMAL,-0.4543526371500385,OPTIMAL,-0.5123690333118955
ARPC1B,OPTIMAL,0.0862453774685226,OPTIMAL,-0.11222292509505312,OPTIMAL,-0.13623726950844392
ARPC2,OPTIMAL,-0.27859526592164496,OPTIMAL,-0.8816402290366275,INFEASIBLE,
ARPC3,CUT_LIMIT,,OPTIMAL,0.009819979081946617,OPTIMAL,0.014423095881362783
ARPC4,OPTIMAL,0.2807575694677295,OPTIMAL,-0.20386237928346926,CUT_LIMIT,
ARPC5,OPTIMAL,-0.24615963586051656,OPTIMAL,-0.18650393948278912,OPTIMAL,-0.31946789421649235
ARPC5L,OPTIMAL,-0.6732231476092374,OPTIMAL,-0.08575404637956424,OPTIMAL,-0.11899580965682421
ARPIN,OPTIMAL,-0.10242614682074097,CUT_LIMIT,,OPTIMAL,-0.07748181373692366
ARPP19,OPTIMAL,-0.1112659556448453,OPTIMAL,-0.24321529324548247,OPTIMAL,-0.2163838319160532
ARRB1,OPTIMAL,-0.28487824124563615,OPTIMAL,0.0005233157267235027,OPTIMAL,-0.006643601541772027
ARRB2,OPTIMAL,-0.11178735756797198,OPTIMAL,-0.05051340007931347,OPTIMAL,-0.06183513516211586
ARRDC1,CUT_LIMIT,,OPTIMAL,-0.04868547225692222,OPTIMAL,-0.0682693698441078
ARRDC2,OPTIMAL,-0.3499081174980483,OPTIMAL,-0.03395713866335667,OPTIMAL,-0.05142965567429638
ARRDC3,OPTIMAL,-0.4754284674579814,OPTIMAL,0.14066166045094208,OPTIMAL,0.18660969309432524
ARSA,OPTIMAL,-0.2955693109637183,OPTIMAL,-0.036521787840063144,OPTIMAL,-0.04890618704096029
ARSB,OPTIMAL,-0.6273054248264457,OPTIMAL,-0.13733731738988264,OPTIMAL,-0.14627484951819267
ARSD,OPTIMAL,0.05617494700075644,OPTIMAL,-0.02771508377866498,OPTIMAL,0.03152701336938698
ARSJ,OPTIMAL,-0.8255565692139613,OPTIMAL,-0.1502387454071379,OPTIMAL,-0.18095400515026863
ARSK,OPTIMAL,-0.0825165301181039,OPTIMAL,-0.08036422668597715,OPTIMAL,-0.07498562393756432
ARV1,OPTIMAL,-0.00020374720345171085,OPTIMAL,0.0136815141495812,OPTIMAL,-0.020910767211725516
ASAH1,OPTIMAL,0.3253511680168517,OPTIMAL,0.08686153272285321,OPTIMAL,0.019834234852616244
ASAH2B,OPTIMAL,-0.020903461010782894,OPTIMAL,-0.03986567080610073,OPTIMAL,-0.05249567242750604
ASAP1,CUT_LIMIT,,OPTIMAL,-0.2063149403147506,CUT_LIMIT,
ASAP2,OPTIMAL,-0.15568247561419576,CUT_LIMIT,,OPTIMAL,0.01265995568212291
ASB1,OPTIMAL,-0.552956851329515,OPTIMAL,-0.09320953102241707,OPTIMAL,-0.11262309913162735
ASB13,OPTIMAL,-0.20420133243806546,OPTIMAL,-0.07381923747000235,OPTIMAL,-0.05325670317178271
ASB6,OPTIMAL,-0.12680963018924357,OPTIMAL,0.03405435754182334,OPTIMAL,-0.01945914923008177
ASB7,OPTIMAL,0.0884848525138557,OPTIMAL,0.09815720207471916,OPTIMAL,0.08516294501930789
ASB8,OPTIMAL,0.336780970994064,OPTIMAL,0.2142845261306886,OPTIMAL,0.20685714449921017
ASCC1,OPTIMAL,-0.11710696301144183,OPTIMAL,0.08899459197460202,OPTIMAL,0.16479451295217076
ASCC2,OPTIMAL,-0.2827701081841601,OPTIMAL,-0.018233318943604783,CUT_LIMIT,
ASCC3,OPTIMAL,-0.6025533717765565,OPTIMAL,-0.08366106447562285,OPTIMAL,-0.11011782489271536
ASF1A,OPTIMAL,-0.01662387517021366,OPTIMAL,0.12275082546250962,OPTIMAL,0.12780695221755078
ASF1B,OPTIMAL,-0.36405473256214416,OPTIMAL,-0.0926398713111326,CUT_LIMIT,
ASH1L,OPTIMAL,-0.18820055939268654,OPTIMAL,-0.030977493233267626,OPTIMAL,-0.04109681601391163
ASH2L,OPTIMAL,0.0998609727555996,OPTIMAL,0.0538296511735799,OPTIMAL,0.02138430957626793
ASL,OPTIMAL,-0.45783365437792956,OPTIMAL,-0.08948700736655833,OPTIMAL,-0.0964419743265997
ASMTL,OPTIMAL,-0.10274508290152838,OPTIMAL,-0.05340544299138959,OPTIMAL,-0.07161875579345983
ASNS,OPTIMAL,-0.03688427866215521,OPTIMAL,0.40604587461228325,OPTIMAL,0.3103326847677326
ASNSD1,OPTIMAL,-0.2918087765379546,OPTIMAL,-0.12250502873429156,OPTIMAL,-0.07577326076515814
ASPH,CUT_LIMIT,,CUT_LIMIT,,OPTIMAL,-0.3402584762341326
ASPM,OPTIMAL,-0.2977862728601855,OPTIMAL,-0.1589989104905061,OPTIMAL,-0.21564115492987693
ASPSCR1,OPTIMAL,-0.08982042362587334,OPTIMAL,-0.129337397581272,OPTIMAL,-0.0778613828011379
ASS1,OPTIMAL,-0.064699265933822,OPTIMAL,-0.0859955244846825,OPTIMAL,-0.0989224050724555
ASTE1,OPTIMAL,-0.09350296090299803,OPTIMAL,-0.029902144952730688,OPTIMAL,-0.05122882920802051
ASXL1,OPTIMAL,-0.06150178870093277,CUT_LIMIT,,OPTIMAL,-0.05005631500846267
ASXL2,OPTIMAL,-0.10750661376151686,OPTIMAL,-0.028313814078969515,OPTIMAL,0.019268861661509866
ATAD1,OPTIMAL,0.07216319661940193,OPTIMAL,-0.02704696489396742,OPTIMAL,0.09579898958125617
ATAD2,CUT_LIMIT,,OPTIMAL,0.03862904423011286,OPTIMAL,0.03123707155795556
ATAD2B,OPTIMAL,-0.07490375946815013,OPTIMAL,-0.08293898385712843,OPTIMAL,-0.09477671580603753
ATAD3A,OPTIMAL,-0.16139010783068536,CUT_LIMIT,,CUT_LIMIT,
ATAD3B,OPTIMAL,-0.41766063553806393,OPTIMAL,-0.07559227320387801,OPTIMAL,-0.06580905181741953
ATAD5,OPTIMAL,-0.9788963718273408,OPTIMAL,0.057941310868813885,OPTIMAL,0.018793647946284932
ATAT1,OPTIMAL,-0.3498712587272392,OPTIMAL,0.0035954824539145857,OPTIMAL,-0.029974499879655333
ATE1,OPTIMAL,-0.2981691044967014,OPTIMAL,-0.06145701694168362,OPTIMAL,-0.08991004925902166
ATF1,OPTIMAL,-0.34568563620168047,OPTIMAL,-0.005625185279600297,OPTIMAL,-0.0282093058232616
ATF2,OPTIMAL,-0.4710294603623737,OPTIMAL,-0.09769043321259736,OPTIMAL,-0.10593800331797786
ATF4,OPTIMAL,0.6548390387439927,OPTIMAL,-0.2587790770450102,OPTIMAL,-0.2386314043226241
ATF5,CUT_LIMIT,,OPTIMAL,0.017793453627077502,OPTIMAL,0.042680097137505785
ATF6,OPTIMAL,0.027757098421827414,OPTIMAL,0.044169300948945174,OPTIMAL,0.03155243223397366
ATF6B,OPTIMAL,0.09740862008476074,OPTIMAL,0.07128166020431227,OPTIMAL,0.03758772606086173
ATF7,OPTIMAL,-0.13866685678585108,OPTIMAL,-0.08043950475450806,OPTIMAL,-0.08416843348098642
ATF7IP,OPTIMAL,-0.20758025768802166,OPTIMAL,-0.04944872124131334,CUT_LIMIT,
ATG10,CUT_LIMIT,,OPTIMAL,-0.03752653906127758,OPTIMAL,-0.025307037073647433
ATG12,OPTIMAL,-0.24075057125670196,CUT_LIMIT,,OPTIMAL,0.0040040554708256045
ATG13,OPTIMAL,-0.1030033847980084,OPTIMAL,-0.06021960451882586,OPTIMAL,-0.06124575503975122
ATG14,CUT_LIMIT,,CUT_LIMIT,,OPTIMAL,0.3192168988365902
ATG16L1,CUT_LIMIT,,OPTIMAL,-0.008617629099870764,OPTIMAL,-0.06740915511529635
ATG2A,CUT_LIMIT,,CUT_LIMIT,,OPTIMAL,0.32299025305377593
ATG2B,OPTIMAL,-0.18712788818657813,OPTIMAL,-0.07509211517031207,OPTIMAL,-0.055317874746989744
ATG3,OPTIMAL,-0.4476467261135178,CUT_LIMIT,,OPTIMAL,0.030942135251144965
ATG4A,OPTIMAL,-0.9991826420875265,OPTIMAL,-0.07568223605684644,OPTIMAL,-0.09162076431120089
ATG4B,OPTIMAL,-0.6116161839914569,OPTIMAL,-0.11586797427091124,OPTIMAL,-0.10083745328942689
ATG4C,OPTIMAL,-0.9980242827615042,OPTIMAL,0.3278005437789006,OPTIMAL,0.1871020552579715
ATG5,OPTIMAL,0.5095011252925694,OPTIMAL,0.3785098827166976,OPTIMAL,0.3077023582976357
ATG7,CUT_LIMIT,,CUT_LIMIT,,CUT_LIMIT,
ATG9A,OPTIMAL,1.0000000004052476,CUT_LIMIT,,OPTIMAL,0.4476584444839263
ATIC,OPTIMAL,-0.6045074000152563,OPTIMAL,-0.13203094462011147,CUT_LIMIT,
ATL1,OPTIMAL,-0.37843575749457414,OPTIMAL,-0.06847247628578555,OPTIMAL,-0.06248504838878049
ATL2,OPTIMAL,-0.059206964899364375,OPTIMAL,-0.1134834264558668,OPTIMAL,-0.02366363126081609
ATL3,OPTIMAL,-0.08153541309315884,OPTIMAL,-0.28350744348295975,CUT_LIMIT,
ATM,OPTIMAL,-0.5392439432386539,OPTIMAL,-0.10881497649578946,OPTIMAL,-0.08277867781887983
ATMIN,OPTIMAL,-0.20267854679919167,OPTIMAL,-0.0334950636695847,OPTIMAL,-0.015879335515270206
ATN1,CUT_LIMIT,,CUT_LIMIT,,OPTIMAL,-0.026621697923408315
ATOH8,OPTIMAL,-0.3591289540874126,OPTIMAL,-0.07158123736118988,OPTIMAL,-0.07712791703020809
ATOX1,OPTIMAL,-0.34506575929214295,OPTIMAL,-0.06210142351813779,OPTIMAL,-0.06361937601629068
ATP10A,OPTIMAL,0.0038240599073926327,OPTIMAL,-0.022054779197306324,OPTIMAL,-0.010314103650254064
ATP10D,OPTIMAL,-0.1705229677347249,OPTIMAL,-0.126257548749372,OPTIMAL,-0.09520012258288137
ATP11A,OPTIMAL,0.2638312854786911,OPTIMAL,0.23779397360341945,OPTIMAL,0.1550890819411983
ATP11B,OPTIMAL,0.13972208423541857,OPTIMAL,0.05197887138396334,OPTIMAL,0.10584387508714764
ATP11C,OPTIMAL,-0.13954023310960875,OPTIMAL,-0.11144904863265005,OPTIMAL,-0.14162057655608978
ATP13A1,OPTIMAL,-0.11062346359669424,CUT_LIMIT,,OPTIMAL,-0.02314064256106889
ATP13A2,OPTIMAL,-0.07218795084719935,OPTIMAL,-0.07872979757088354,OPTIMAL,-0.07463112844150088
ATP13A3,OPTIMAL,-0.49048813710794614,OPTIMAL,-0.009578560780081768,OPTIMAL,-0.09206348415350336
ATP1A1,OPTIMAL,0.7728784022387662,OPTIMAL,0.09476599661216167,OPTIMAL,0.03193312121158151
ATP1B1,OPTIMAL,-0.9983201095924544,CUT_LIMIT,,OPTIMAL,-0.6239774187642158
ATP1B3,OPTIMAL,-0.21696165880624588,CUT_LIMIT,,OPTIMAL,-0.2776189949401149
ATP2A2,OPTIMAL,-0.13080984880012642,OPTIMAL,-0.17751124961163461,OPTIMAL,-0.13430043416256332
ATP2B1,OPTIMAL,0.4168710355994684,CUT_LIMIT,,OPTIMAL,-0.3277018758863024
ATP2B4,OPTIMAL,-0.16968499178814286,CUT_LIMIT,,OPTIMAL,-0.2642951761905158
ATP2C1,OPTIMAL,-0.6357501000791509,OPTIMAL,-0.11002269105449443,OPTIMAL,-0.1269518721566779
ATP6AP1,OPTIMAL,-0.5885009655379053,OPTIMAL,-0.11578765418965688,OPTIMAL,-0.13354171515753097
ATP6AP2,OPTIMAL,-0.6645748984140738,OPTIMAL,-0.15637973486096782,OPTIMAL,-0.12851328367264322
ATP6V0A1,CUT_LIMIT,,OPTIMAL,0.03160492344091923,OPTIMAL,0.056469666588642296
ATP6V0A2,OPTIMAL,-0.14250775396016555,OPTIMAL,-0.08726945986742028,OPTIMAL,-0.11183145743398062
ATP6V0B,OPTIMAL,-0.08922470005959071,OPTIMAL,-0.053405964413147836,CUT_LIMIT,
ATP6V0D1,OPTIMAL,0.8293194039492289,CUT_LIMIT,,OPTIMAL,0.260386077655807
ATP6V0E1,CUT_LIMIT,,OPTIMAL,-0.20280689518775316,OPTIMAL,-0.298432534158365
ATP6V0E2,OPTIMAL,-0.3044345040715785,OPTIMAL,-0.05715103113794389,OPTIMAL,-0.06733143612443139
ATP6V1A,OPTIMAL,-0.1763342417090493,CUT_LIMIT,,OPTIMAL,0.10259144885156929
ATP6V1B2,OPTIMAL,-0.28087651741817427,OPTIMAL,0.03599158632685845,OPTIMAL,0.02921574426766198
ATP6V1C1,OPTIMAL,-0.3123645772757217,OPTIMAL,-0.06303277910805989,OPTIMAL,-0.06921358120436637
ATP6V1D,OPTIMAL,0.10922490500619128,OPTIMAL,0.025952129476845692,OPTIMAL,0.014170891649565106
ATP6V1E1,CUT_LIMIT,,CUT_LIMIT,,OPTIMAL,-0.1616636677081776
ATP6V1F,OPTIMAL,-0.16283129040003078,OPTIMAL,0.16235751467621007,OPTIMAL,0.12250445121848734
ATP6V1G1,OPTIMAL,-0.6286858507103988,OPTIMAL,-0.08578622986876074,OPTIMAL,-0.09617505065667666
ATP6V1H,OPTIMAL,0.18833445703415494,OPTIMAL,0.0034695123107760257,OPTIMAL,-0.005961562446062645
ATP7A,OPTIMAL,0.019800947600788713,OPTIMAL,-0.023584197995869974,OPTIMAL,-0.05358934253044939
ATP8A2,OPTIMAL,-0.9549837291803557,CUT_LIMIT,,OPTIMAL,0.265717366873152
ATP8B1,OPTIMAL,-0.2825201507552317,OPTIMAL,-0.15278782089390597,INFEASIBLE,
ATP8B2,OPTIMAL,0.2429392168918881,OPTIMAL,0.43903798270291544,OPTIMAL,0.15347148565984137
ATP9A,OPTIMAL,-0.034455763192614494,OPTIMAL,-0.025189238726311052,OPTIMAL,-0.01965572526960738
ATP9B,OPTIMAL,-0.08550640655324211,OPTIMAL,-0.04828495191430512,OPTIMAL,-0.052809850944528405
ATPAF1,OPTIMAL,-0.49157226877467963,OPTIMAL,-0.06948524842318789,OPTIMAL,-0.055894350822145125
ATPAF2,OPTIMAL,-0.3631771392159746,OPTIMAL,-0.07146079144202898,OPTIMAL,-0.07858942443932991
ATR,OPTIMAL,-0.6227534022019193,OPTIMAL,-0.006979672760356327,OPTIMAL,-0.05338415267137945
ATRAID,CUT_LIMIT,,OPTIMAL,-0.1334159225674755,OPTIMAL,-0.13285081328922216
ATRIP,CUT_LIMIT,,OPTIMAL,-0.024356582841522652,CUT_LIMIT,
ATRN,OPTIMAL,-0.20077269571183187,OPTIMAL,-0.041459365847045355,OPTIMAL,-0.05808213110057663
ATRX,OPTIMAL,0.13716286124253027,OPTIMAL,-0.0921443746515932,OPTIMAL,-0.23309324617752536
ATXN10,OPTIMAL,-0.32407413228806253,OPTIMAL,0.000978581532475713,OPTIMAL,-0.020727386123508326
ATXN1L,OPTIMAL,0.07340544301474154,OPTIMAL,0.004802570718214895,OPTIMAL,0.010795797293584623
ATXN2,OPTIMAL,-0.02943767843072495,OPTIMAL,-0.0507977726845034,OPTIMAL,-0.08739030204216937
ATXN2L,OPTIMAL,-0.038234373275072814,OPTIMAL,0.035311109310934216,OPTIMAL,-0.009895125260613426
ATXN3,OPTIMAL,0.01175445239864434,OPTIMAL,0.011517930829377455,OPTIMAL,-0.015043540376487075
ATXN7,OPTIMAL,-0.3299080208063786,OPTIMAL,0.019245874625276254,OPTIMAL,-0.0013746254963649348
ATXN7L1,OPTIMAL,-0.11646052994601817,OPTIMAL,-0.05813018264322762,OPTIMAL,-0.06633584153020727
ATXN7L3,OPTIMAL,-0.10216957714943634,OPTIMAL,-0.07899160710092623,OPTIMAL,-0.07789851356435916
ATXN7L3B,OPTIMAL,-0.36489439518246264,OPTIMAL,-0.0645355307297796,OPTIMAL,-0.011371975260822988
AUH,OPTIMAL,-0.3975926984864197,OPTIMAL,-0.06741690016404488,OPTIMAL,-0.08467812513133102
AUNIP,OPTIMAL,0.03177254484490713,OPTIMAL,-0.0925271515969219,OPTIMAL,-0.0558261253724474
AUP1,OPTIMAL,-0.20205238122854222,OPTIMAL,-0.024183474188843364,OPTIMAL,-0.011016837642913287
AURKA,OPTIMAL,0.00544599643234438,OPTIMAL,-0.1056829694245852,OPTIMAL,-0.08712130039241552
AURKAIP1,CUT_LIMIT,,OPTIMAL,-0.24475885245470902,CUT_LIMIT,
AURKB,OPTIMAL,-0.31681346161200774,OPTIMAL,-0.18210962613232878,OPTIMAL,-0.16860618905136637
AUTS2,OPTIMAL,-0.07967051959219183,OPTIMAL,-0.009328416341111662,OPTIMAL,-0.008707093458951123
AVEN,CUT_LIMIT,,OPTIMAL,-0.06665966153330312,CUT_LIMIT,
AVL9,OPTIMAL,-0.9997555679097542,OPTIMAL,0.14208937016630313,OPTIMAL,0.11124428145500709
AVPI1,OPTIMAL,-0.36525997553109757,OPTIMAL,-0.07367366683735051,OPTIMAL,-0.08343784114090207
AXIN1,OPTIMAL,0.3269084789923674,OPTIMAL,0.11719717333764636,OPTIMAL,0.06156557073290901
AXIN2,OPTIMAL,-0.11387603219107312,OPTIMAL,-0.030576497329192657,OPTIMAL,-0.031292386110050814
AXL,CUT_LIMIT,,OPTIMAL,-0.37114187116532443,OPTIMAL,-0.3408711226945807
AZI2,OPTIMAL,0.9999999827129435,OPTIMAL,0.28348498823230955,OPTIMAL,0.3248533972041001
AZIN1,OPTIMAL,-0.07903765933715058,OPTIMAL,-0.24615768185884063,CUT_LIMIT,
B2M,OPTIMAL,0.043528539888067534,OPTIMAL,0.022186994880362836,OPTIMAL,0.3026245684867557
B3GALNT1,OPTIMAL,-0.023743311185288347,OPTIMAL,-0.04320465438429203,OPTIMAL,0.025431367557758086
B3GALNT2,OPTIMAL,0.005993316180149497,OPTIMAL,-0.018822898645856435,OPTIMAL,-0.011954272798671018
B3GALT6,OPTIMAL,0.551582141248234,OPTIMAL,0.5241618288270701,OPTIMAL,0.22795238851619062
B3GAT3,OPTIMAL,0.9999999999922405,OPTIMAL,0.6671542054328445,CUT_LIMIT,
B3GLCT,OPTIMAL,-0.13567238732952192,OPTIMAL,-0.08272622176238463,OPTIMAL,-0.09406096888545741
B3GNT2,OPTIMAL,-0.9557877892326146,OPTIMAL,-0.028885860028913635,CUT_LIMIT,
B3GNT5,OPTIMAL,0.06561605082877575,OPTIMAL,0.08931173154072496,OPTIMAL,0.03745629869462232
B3GNT9,OPTIMAL,0.5913392585319388,OPTIMAL,0.28372267496638526,OPTIMAL,0.23441067884076075
B3GNTL1,OPTIMAL,1.0000000000494897,OPTIMAL,1.0000000000347955,INFEASIBLE,
B4GALT1,OPTIMAL,-0.3105180332286476,CUT_LIMIT,,CUT_LIMIT,
B4GALT2,OPTIMAL,0.06311537096760252,CUT_LIMIT,,OPTIMAL,0.03187424385922878
B4GALT3,OPTIMAL,-0.1562838211918499,OPTIMAL,0.0035578606672651836,OPTIMAL,0.0712556705732859
B4GALT4,OPTIMAL,-0.09495828965942543,OPTIMAL,-0.050640904622642494,OPTIMAL,-0.0062862358811986456
B4GALT5,CUT_LIMIT,,OPTIMAL,0.2465708968124127,OPTIMAL,0.10779965748833012
B4GALT7,CUT_LIMIT,,CUT_LIMIT,,OPTIMAL,0.016325316080353088
B4GAT1,OPTIMAL,-0.16115241631420396,OPTIMAL,-0.08232955855224343,OPTIMAL,-0.08905564164128235
B9D1,OPTIMAL,0.04495439391931286,OPTIMAL,0.0033198403842841263,OPTIMAL,-0.0131726510736622
B9D2,OPTIMAL,0.15251364745175744,OPTIMAL,0.16987370919750824,OPTIMAL,0.07159890274286973
BABAM1,OPTIMAL,-0.20767717676505265,OPTIMAL,-0.21872166960595285,OPTIMAL,-0.17304734318153714
BACE1,OPTIMAL,-0.4188483736991727,OPTIMAL,0.10860403003623471,OPTIMAL,0.06873320488377381
BACE2,OPTIMAL,-0.10231681128827047,OPTIMAL,-0.041086992481965026,CUT_LIMIT,
BACH1,OPTIMAL,1.000000000054858,OPTIMAL,0.9999658116793502,CUT_LIMIT,
BAD,OPTIMAL,0.05411288265893341,OPTIMAL,0.0717352232298921,OPTIMAL,0.04414541767932561
BAG1,OPTIMAL,-0.28870465775512044,OPTIMAL,0.06965748361126167,OPTIMAL,0.03508372062860277
BAG2,OPTIMAL,-0.2806675785385156,OPTIMAL,0.017163656877170648,CUT_LIMIT,
BAG3,OPTIMAL,-0.5482470719358372,OPTIMAL,-0.1905682344466295,OPTIMAL,-0.053487409024455305
BAG4,OPTIMAL,-0.18693287699363406,OPTIMAL,-0.022499005199556662,CUT_LIMIT,
BAG5,CUT_LIMIT,,OPTIMAL,-0.07648015953817064,CUT_LIMIT,
BAG6,CUT_LIMIT,,CUT_LIMIT,,OPTIMAL,-0.13301085316568081
BAHCC1,OPTIMAL,-0.021296817057945103,OPTIMAL,0.005834201480995724,OPTIMAL,-0.020301487999509427
BAHD1,OPTIMAL,-0.037104375226295915,OPTIMAL,-0.0973523436891144,OPTIMAL,-0.02544391070007448
BAIAP2,OPTIMAL,-0.2688118845674036,CUT_LIMIT,,OPTIMAL,-0.03506487669506196
BAIAP2L2,OPTIMAL,-0.29221218062692633,OPTIMAL,-0.04453643732606856,OPTIMAL,-0.05590347169975355
BAK1,OPTIMAL,-0.11016602720852928,OPTIMAL,-0.06479080514482576,OPTIMAL,-0.09739582714377178
BANF1,OPTIMAL,0.1293415251277913,OPTIMAL,-0.07371146237451355,OPTIMAL,-0.07316160917888831
BANP,OPTIMAL,-0.10432380586613262,OPTIMAL,-0.04127377681801628,OPTIMAL,-0.047563323915138414
BAP1,OPTIMAL,-0.39803941479644217,OPTIMAL,-0.06854625396611452,OPTIMAL,-0.08346004401951436
BARD1,OPTIMAL,-0.09719738581672595,OPTIMAL,0.03710429589021779,CUT_LIMIT,
BASP1,OPTIMAL,0.06139685664583419,OPTIMAL,-0.05310183466908306,OPTIMAL,-0.05489192785170472
BATF3,OPTIMAL,-0.08004773508946178,OPTIMAL,-0.08806446270105149,OPTIMAL,-0.08266331310702574
BAX,OPTIMAL,-0.11392486395636885,OPTIMAL,-0.09152898263142417,OPTIMAL,-0.10921512336250089
BAZ1A,OPTIMAL,-0.8525793552608267,CUT_LIMIT,,CUT_LIMIT,
BAZ1B,CUT_LIMIT,,OPTIMAL,-0.6462210401195958,OPTIMAL,-0.3234263333128074
BAZ2A,OPTIMAL,0.30244637800379076,OPTIMAL,0.2183146564860284,OPTIMAL,0.20290473458800146
BAZ2B,OPTIMAL,-0.42215615420149877,OPTIMAL,-0.03719222506543878,OPTIMAL,-0.047127843195913614
BBIP1,OPTIMAL,-0.02762269384359129,OPTIMAL,0.036429193547550844,OPTIMAL,0.004688982518818977
BBS2,OPTIMAL,-0.12734034817609055,OPTIMAL,-0.060583105800829644,OPTIMAL,-0.05719028693722529
BBS4,OPTIMAL,1.000000000024256,OPTIMAL,0.9982341062799256,OPTIMAL,0.5143418613771205
BBS7,OPTIMAL,-0.6638890197167127,OPTIMAL,0.32440260716583896,OPTIMAL,0.31354376818190627
BBS9,OPTIMAL,0.007703457123701868,OPTIMAL,0.1195553097824129,OPTIMAL,0.14396854098829795
BBX,OPTIMAL,-0.5210073850687222,OPTIMAL,-0.062354050610836716,OPTIMAL,-0.07008263645975243
BCAP29,OPTIMAL,-0.14383107013006496,CUT_LIMIT,,CUT_LIMIT,
BCAP31,OPTIMAL,0.4096940630395157,OPTIMAL,-0.044863202314748704,OPTIMAL,-0.05223678362438101
BCAR1,OPTIMAL,-0.4884494693020563,OPTIMAL,-0.08441570974739002,OPTIMAL,-0.10861310493810028
BCAR3,OPTIMAL,-0.11546434845987892,OPTIMAL,-0.10037842713953131,OPTIMAL,-0.1143400009448006
BCAS2,OPTIMAL,-0.5272723279433202,OPTIMAL,0.2527989740835334,OPTIMAL,0.21223675355994118
BCAS3,OPTIMAL,-0.3124253642721818,OPTIMAL,-0.08808761535588953,OPTIMAL,-0.06478586046037749
BCAS4,OPTIMAL,-0.04012803969689592,OPTIMAL,-0.04723050025790329,OPTIMAL,-0.05066718964794785
BCAT1,OPTIMAL,-0.7293517549624768,OPTIMAL,-0.16351825582477725,OPTIMAL,-0.139709161065004
BCAT2,OPTIMAL,-0.9834554327925332,OPTIMAL,-0.12570360864212826,OPTIMAL,-0.09493916662845349
BCCIP,OPTIMAL,0.2639480982178251,CUT_LIMIT,,OPTIMAL,0.06264830272439739
BCDIN3D,OPTIMAL,-0.09335930388410847,OPTIMAL,-0.053938463020124755,OPTIMAL,-0.06672152251432913
BCKDHB,OPTIMAL,-0.0013536999778347575,OPTIMAL,0.014522089025047534,OPTIMAL,0.00857617775930553
BCKDK,OPTIMAL,-0.09100047525940212,CUT_LIMIT,,CUT_LIMIT,
BCL10,OPTIMAL,-0.19992799837748956,OPTIMAL,-0.0864140966954082,OPTIMAL,-0.09218551715116881
BCL2L1,OPTIMAL,-0.6308563017965,OPTIMAL,-0.06907876115165079,OPTIMAL,-0.07945730551231708
BCL2L12,OPTIMAL,-0.1689143141799165,OPTIMAL,-0.05095981390766027,OPTIMAL,-0.06192535674911026
BCL2L13,OPTIMAL,0.1783079851739854,OPTIMAL,0.13535336937582246,OPTIMAL,0.1008824814342762
BCL2L2,OPTIMAL,-0.0541069643913337,OPTIMAL,-0.005796167153990342,OPTIMAL,0.00497617587083826
BCL3,CUT_LIMIT,,OPTIMAL,-0.1722353674006075,INFEASIBLE,
BCL6,OPTIMAL,-0.06559472203545956,OPTIMAL,-0.02437671794325521,OPTIMAL,-0.06266148440988134
BCL7A,OPTIMAL,-0.08784817580053757,CUT_LIMIT,,OPTIMAL,-0.057222144500017905
BCL7B,OPTIMAL,-0.3641164150047315,OPTIMAL,-0.054986802490211956,OPTIMAL,-0.032710472783765654
BCL7C,OPTIMAL,-0.13751209976789733,OPTIMAL,-0.1088834534468032,OPTIMAL,-0.13391893026275906
BCL9,OPTIMAL,-1.000000049619858,OPTIMAL,-0.036284067974615475,INFEASIBLE,
BCL9L,OPTIMAL,-0.10472690757309945,OPTIMAL,-0.06754054282559603,OPTIMAL,-0.07008323833724184
BCLAF1,CUT_LIMIT,,OPTIMAL,0.06844939236485631,OPTIMAL,0.028598088473452875
BCOR,OPTIMAL,-0.06688437409722257,OPTIMAL,-0.05585160278157145,OPTIMAL,-0.06444293337478361
BCR,OPTIMAL,-0.131287558255023,OPTIMAL,-0.05364953720053326,OPTIMAL,-0.07174679314997703
BCS1L,CUT_LIMIT,,OPTIMAL,0.045249450123005984,OPTIMAL,0.1607530566773946
BDH1,OPTIMAL,0.01682892973240724,OPTIMAL,0.008027020402707127,OPTIMAL,-0.005262575548899937
BDH2,OPTIMAL,-0.11826621714220173,OPTIMAL,-0.08148234550472115,OPTIMAL,-0.09154638051382405
BDP1,OPTIMAL,-0.06183324807905456,OPTIMAL,0.027404139410339895,OPTIMAL,0.021015436064240545
BECN1,OPTIMAL,-0.130387428525888,OPTIMAL,-0.09178850351191975,OPTIMAL,-0.07388835793319888
BEND6,OPTIMAL,0.07482945173887072,OPTIMAL,0.03524761377472486,OPTIMAL,0.000494382558121786
BET1,OPTIMAL,-0.04795469240617677,OPTIMAL,-0.12291069056078377,OPTIMAL,-0.10837076866845449
BET1L,OPTIMAL,0.5456954893791169,OPTIMAL,0.31646675973198124,OPTIMAL,0.30397698546525975
BEX1,OPTIMAL,-0.29344169212892257,CUT_LIMIT,,OPTIMAL,0.03301710259262952
BEX4,OPTIMAL,-0.11931148209542816,OPTIMAL,-0.04426177349422943,OPTIMAL,-0.051405765870465144
BFAR,OPTIMAL,0.03797418377756598,CUT_LIMIT,,OPTIMAL,-0.05906615672028793
BGN,OPTIMAL,-0.9324463485504038,OPTIMAL,-0.034726366880646196,OPTIMAL,-0.048520582605300074
BHMT2,OPTIMAL,0.012710139967107192,OPTIMAL,-0.08436525989119086,OPTIMAL,-0.04846577456968369
BICC1,CUT_LIMIT,,OPTIMAL,-0.07408780354816825,OPTIMAL,-0.06327508708986002
BICD1,OPTIMAL,0.32068758372942757,OPTIMAL,0.14267857942166692,OPTIMAL,0.07160152079216943
BICD2,OPTIMAL,-0.2706083005493758,OPTIMAL,-0.08304362255778557,OPTIMAL,-0.11132899562782848
BID,OPTIMAL,-0.023805529997844806,OPTIMAL,-0.008105524893454834,OPTIMAL,-0.022470312024885263
BIN1,OPTIMAL,-0.08827282614410566,OPTIMAL,-0.04734113371481679,OPTIMAL,-0.03199208616813294
BIN3,OPTIMAL,0.07943016018721634,OPTIMAL,0.08005340286246199,OPTIMAL,0.06319688576413582
BIRC2,OPTIMAL,-0.5566411788847727,OPTIMAL,-0.002834264584072268,CUT_LIMIT,
BIRC5,CUT_LIMIT,,OPTIMAL,0.4105287500443738,OPTIMAL,0.18152160836037073
BIRC6,OPTIMAL,-0.4418790761736387,OPTIMAL,-0.1537772999320593,OPTIMAL,-0.15798938802635498
BIVM,CUT_LIMIT,,CUT_LIMIT,,OPTIMAL,0.17826450361025625
BLCAP,OPTIMAL,-0.19020342848672248,OPTIMAL,-0.06567261721270125,OPTIMAL,-0.06352861109939371
BLM,OPTIMAL,-0.03652656168835218,OPTIMAL,-0.1420914174305936,OPTIMAL,-0.08227153732519234
BLMH,OPTIMAL,0.09984310301776722,OPTIMAL,0.017546633474716775,OPTIMAL,-0.002191459611331109
BLOC1S1,OPTIMAL,-0.6186146376032784,OPTIMAL,-0.13136967162376434,OPTIMAL,-0.14336807890896586
BLOC1S2,OPTIMAL,0.589940937122847,OPTIMAL,0.740689891896709,OPTIMAL,0.283141016947578
BLOC1S3,OPTIMAL,-0.26890147448151225,OPTIMAL,-0.045933777325531666,OPTIMAL,-0.04797096671023629
BLOC1S4,OPTIMAL,-0.15103540155495274,OPTIMAL,-0.10376548182185366,OPTIMAL,-0.10859532827427695
BLOC1S5,CUT_LIMIT,,OPTIMAL,-0.07052324792164472,OPTIMAL,-0.08249671539953461
BLOC1S6,OPTIMAL,0.5211106494507944,OPTIMAL,0.44422196453668955,OPTIMAL,0.33416114540744635
BLVRA,OPTIMAL,-0.33315420378302935,OPTIMAL,-0.04826317609561625,CUT_LIMIT,
BLVRB,OPTIMAL,0.13650938860117223,OPTIMAL,0.05107108126897968,OPTIMAL,-0.000624464973707181
BLZF1,OPTIMAL,0.44306383427705553,OPTIMAL,0.17575676327875278,OPTIMAL,0.19562588121344487
BMI1,OPTIMAL,-0.2826280449820001,OPTIMAL,-0.036185882420046674,OPTIMAL,-0.03663526856284742
BMP1,OPTIMAL,-0.07386999337203098,OPTIMAL,-0.18072237658426138,INFEASIBLE,
BMP2K,CUT_LIMIT,,OPTIMAL,0.02476130087822014,OPTIMAL,0.003288202940754788
BMPER,OPTIMAL,-0.5766178799002732,OPTIMAL,-0.10136632857490974,OPTIMAL,-0.13848996608541816
BMPR1A,OPTIMAL,-0.07891264819971004,OPTIMAL,-0.03981741387448598,OPTIMAL,-0.038386081931278786
BMPR2,OPTIMAL,-0.3346820609471099,CUT_LIMIT,,OPTIMAL,-0.00615379485407313
BMS1,OPTIMAL,-0.7949776980130729,OPTIMAL,-0.0877025052770404,CUT_LIMIT,
BNC1,OPTIMAL,0.30070987578455305,OPTIMAL,0.01865866364750258,OPTIMAL,-0.01073135514972038
BNC2,OPTIMAL,-0.11611193129428979,OPTIMAL,-0.07865190459071472,OPTIMAL,-0.0897814506531502
BNIP1,CUT_LIMIT,,OPTIMAL,-0.045737260523692244,OPTIMAL,-0.019721816570090672
BNIP2,OPTIMAL,-0.44046790993122664,OPTIMAL,-0.06225679665843939,OPTIMAL,-0.10292758713991453
BNIP3,CUT_LIMIT,,OPTIMAL,-0.3081608058433615,OPTIMAL,-0.06933708667594385
BNIP3L,OPTIMAL,0.03623047140125845,OPTIMAL,0.09572307890877091,OPTIMAL,0.13297054064743927
BOC,OPTIMAL,-0.0448251595951098,OPTIMAL,0.0006247467040348363,OPTIMAL,-0.018594080153406797
BOD1,OPTIMAL,-0.30580028744938376,OPTIMAL,-0.07057613170432411,OPTIMAL,-0.06436956043637745
BOD1L1,OPTIMAL,-0.27910432328113355,OPTIMAL,-0.20816509615465,OPTIMAL,-0.21825398259553597
BOK,CUT_LIMIT,,OPTIMAL,0.020784299766466154,OPTIMAL,0.00932527768769644
BOLA1,OPTIMAL,0.9738614486769928,CUT_LIMIT,,OPTIMAL,0.4628401670076888
BOLA2B,OPTIMAL,0.2223353926886115,OPTIMAL,-0.3481667538691413,OPTIMAL,-0.4413913870193057
BOLA3,CUT_LIMIT,,CUT_LIMIT,,OPTIMAL,-0.5756659675971529
BOP1,OPTIMAL,0.5957651219470692,OPTIMAL,0.16236239070621836,CUT_LIMIT,
BORA,OPTIMAL,-0.09773865574238305,OPTIMAL,-0.04934772354623261,OPTIMAL,-0.05179881203557232
BPGM,OPTIMAL,0.17115791784346118,OPTIMAL,0.1860394346954416,OPTIMAL,0.15056138037566907
BPNT1,OPTIMAL,-0.10914426429252137,OPTIMAL,-0.06330324639460755,OPTIMAL,-0.07435167488647565
BPTF,OPTIMAL,-0.07162805758292096,CUT_LIMIT,,OPTIMAL,-0.15006921386435862
BRAF,OPTIMAL,-0.0914962769827436,OPTIMAL,-0.06881953050922718,OPTIMAL,-0.07346967526072247
BRAP,OPTIMAL,0.27650663883250953,OPTIMAL,0.023070065818216193,OPTIMAL,0.015487709935479262
BRAT1,OPTIMAL,-0.11241979198158338,OPTIMAL,-0.09113886128719659,OPTIMAL,-0.08268259078657145
BRCA1,OPTIMAL,-0.32504006061774326,OPTIMAL,-0.08631257567817019,OPTIMAL,-0.0953814709549989
BRCA2,OPTIMAL,0.06971812729998537,OPTIMAL,-0.18824915121665087,OPTIMAL,-0.17660204861937098
BRCC3,OPTIMAL,-0.5142939716774775,OPTIMAL,-0.0699359475371436,OPTIMAL,-0.085279305292848
BRD1,OPTIMAL,-0.3061025734346336,OPTIMAL,-0.04529888484851753,OPTIMAL,-0.032824883978954694
BRD2,OPTIMAL,0.0012943051961914315,OPTIMAL,-0.030362164996335043,OPTIMAL,0.021312293215864725
BRD3,OPTIMAL,-0.36673928425330365,CUT_LIMIT,,OPTIMAL,0.017791447661314196
BRD4,OPTIMAL,0.3147225990970533,OPTIMAL,0.08028314260693355,OPTIMAL,0.015421782937603162
BRD7,OPTIMAL,-0.6927401985898575,CUT_LIMIT,,OPTIMAL,-0.14080636912500583
BRD8,OPTIMAL,-0.4878744375213889,CUT_LIMIT,,OPTIMAL,-0.038424300961827765
BRD9,OPTIMAL,-0.10412190843463043,OPTIMAL,-0.0637498275706016,OPTIMAL,-0.06364333691544466
BRF1,OPTIMAL,-0.9948785760707547,OPTIMAL,0.00042243918555603504,CUT_LIMIT,
BRI3,OPTIMAL,-0.05649555967146283,OPTIMAL,-0.3262104962150482,OPTIMAL,-0.2546471230037507
BRI3BP,OPTIMAL,-0.1763298308642537,OPTIMAL,-0.1538641957369984,OPTIMAL,-0.1281551112844772
BRIP1,OPTIMAL,-0.03717414671759256,OPTIMAL,-0.002898685939876787,OPTIMAL,-0.0540168455139985
BRIX1,OPTIMAL,-0.25994821053582745,OPTIMAL,0.04271353896536032,OPTIMAL,0.05052878656792056
BRK1,OPTIMAL,-0.0223330739770081,CUT_LIMIT,,OPTIMAL,-0.14950117631195897
BRMS1,OPTIMAL,1.0000000966466494,OPTIMAL,0.5433601271901065,OPTIMAL,0.31176501122851985
BRMS1L,OPTIMAL,-0.10730944909211367,OPTIMAL,-0.055450647836421466,OPTIMAL,-0.06807265447911184
BROX,OPTIMAL,-0.3123791280781002,OPTIMAL,-0.025751815806635717,CUT_LIMIT,
BRPF1,OPTIMAL,0.7310257203693593,OPTIMAL,0.3849070189271795,OPTIMAL,0.11259604938906191
BRPF3,OPTIMAL,-0.05782140708279998,CUT_LIMIT,,CUT_LIMIT,
BRWD1,OPTIMAL,-0.561704439028846,OPTIMAL,-0.12653777034803257,OPTIMAL,-0.10877146489587644
BSDC1,OPTIMAL,0.32317815461851007,OPTIMAL,-0.12887493971107122,OPTIMAL,0.004714663570484395
BSG,OPTIMAL,-0.1539124622255896,CUT_LIMIT,,OPTIMAL,-0.00996934971094006
BST1,OPTIMAL,0.9638498940679646,OPTIMAL,0.986014093570945,OPTIMAL,0.4506435223820894
BTAF1,OPTIMAL,-0.0842176270950118,OPTIMAL,-0.05081584554359837,OPTIMAL,-0.07648933884521028
BTBD1,OPTIMAL,0.15177121297281146,OPTIMAL,0.11078762364119622,OPTIMAL,0.10590652288526807
BTBD10,OPTIMAL,-0.8955333536970287,OPTIMAL,-0.07997795350098581,OPTIMAL,-0.08819159336928599
BTBD2,OPTIMAL,-0.4431923347607994,OPTIMAL,-0.028187289256659403,OPTIMAL,-0.05290364105394319
BTBD3,OPTIMAL,-0.36434293744406737,OPTIMAL,-0.0726630307767033,OPTIMAL,-0.046043113491233134
BTBD6,CUT_LIMIT,,OPTIMAL,0.11081415110457338,OPTIMAL,0.0502709982562092
BTBD7,OPTIMAL,-0.4768573820314419,OPTIMAL,-0.044340646993459014,OPTIMAL,-0.09620945705234392
BTD,OPTIMAL,-0.14230992790680547,OPTIMAL,-0.019066525525757674,OPTIMAL,-0.006153628967550381
BTF3,CUT_LIMIT,,CUT_LIMIT,,OPTIMAL,-0.5138988380520899
BTF3L4,OPTIMAL,-0.5159616628073371,OPTIMAL,-0.13346913285632955,OPTIMAL,-0.12271443749806554
BTG1,OPTIMAL,-0.4799189625645804,OPTIMAL,-0.19106573421683334,OPTIMAL,-0.1516350008389829
BTG2,CUT_LIMIT,,OPTIMAL,0.07069684873184144,INFEASIBLE,
BTG3,OPTIMAL,-0.28016038624735645,OPTIMAL,-0.05308582179159051,OPTIMAL,-0.061402010800127374
BTN2A1,OPTIMAL,-0.0813823961516579,OPTIMAL,-0.05025342560235274,OPTIMAL,-0.06548178441561694
BTN3A2,OPTIMAL,-0.5555113989839311,OPTIMAL,-0.1320766307131167,OPTIMAL,-0.10379985988104436
BTRC,OPTIMAL,0.13008794264990925,OPTIMAL,0.13277129812645821,OPTIMAL,0.04833118104914057
BUB1,OPTIMAL,-0.8867966086092228,OPTIMAL,-0.0606476116645999,OPTIMAL,-0.07808845376092018
BUB1B,OPTIMAL,-0.4752436648636575,OPTIMAL,-0.008551474170036499,OPTIMAL,-0.02334215207618272
BUB3,OPTIMAL,-0.3678783368168072,OPTIMAL,-0.573132331468647,CUT_LIMIT,
BUD13,OPTIMAL,-0.15505167678126028,OPTIMAL,-0.10633566260291565,OPTIMAL,-0.11559355330718307
BUD31,OPTIMAL,0.8080272768660764,OPTIMAL,-0.2567128488187579,OPTIMAL,-0.19209190539835563
BVES,OPTIMAL,0.1651788782378828,OPTIMAL,0.12270831761378662,OPTIMAL,0.06018691927829148
BYSL,OPTIMAL,-0.0415053091623944,OPTIMAL,-0.037391162967743724,OPTIMAL,0.12883346521132497
BZW1,OPTIMAL,-0.9406905665942998,OPTIMAL,-0.8706154165341597,OPTIMAL,-0.4988424558761628
BZW2,OPTIMAL,-0.1140553964976043,OPTIMAL,-0.34221523357448635,OPTIMAL,-0.14541186281202723
C10orf88,OPTIMAL,0.05084631906962503,OPTIMAL,0.10329128019508842,OPTIMAL,0.06221674318927595
C11orf24,OPTIMAL,-0.294702466035358,OPTIMAL,-0.022636413907625115,OPTIMAL,-0.04298748055724543
C11orf54,OPTIMAL,-0.10728311129434982,OPTIMAL,0.008448912863710283,OPTIMAL,-0.031020148997546217
C11orf58,OPTIMAL,0.13705155647208916,OPTIMAL,-0.002156447859761975,OPTIMAL,-0.12270895372015335
C11orf68,OPTIMAL,0.013290568335532544,OPTIMAL,0.055095042603710564,OPTIMAL,0.021680861731978494
C12orf43,CUT_LIMIT,,OPTIMAL,-0.08480557894720848,OPTIMAL,-0.08030973355132423
C12orf57,OPTIMAL,-0.46615015672757615,OPTIMAL,-0.053056822643819494,OPTIMAL,-0.06067861883792361
C12orf75,OPTIMAL,-0.18825296253351806,OPTIMAL,-0.3011360457897531,CUT_LIMIT,
C12orf76,OPTIMAL,-0.30775198056121017,OPTIMAL,-0.05871381515366766,OPTIMAL,-0.05845742515323728
C14orf119,OPTIMAL,-0.9936319771851773,OPTIMAL,0.27003952067938425,OPTIMAL,0.2819448787218141
C14orf132,OPTIMAL,-0.036168674195269694,OPTIMAL,-0.04640070355779725,OPTIMAL,-0.042781454642455065
C15orf39,OPTIMAL,-0.13691332868414224,OPTIMAL,-0.07697068356403225,OPTIMAL,-0.08167459767462537
C15orf40,OPTIMAL,0.3076964657432947,OPTIMAL,0.039799277978122764,OPTIMAL,0.026624019064733315
C15orf61,OPTIMAL,0.9998699341053604,OPTIMAL,0.659751185359986,OPTIMAL,0.3048917541207035
C16orf74,OPTIMAL,-0.10466860589360598,OPTIMAL,-0.07819375750581116,OPTIMAL,-0.0582842062731715
C16orf87,OPTIMAL,-0.10758363972546449,OPTIMAL,0.014567292886867481,OPTIMAL,0.0018918843511867413
C17orf58,OPTIMAL,-0.032223313245747814,OPTIMAL,-0.0353913222499979,OPTIMAL,-0.04087280557761328
C17orf67,OPTIMAL,-0.30664876731036445,OPTIMAL,-0.06207030307155192,OPTIMAL,-0.054017521206747895
C17orf75,OPTIMAL,-0.10117771651984113,OPTIMAL,-0.22325560899581817,INFEASIBLE,
C18orf21,OPTIMAL,-0.09352712290530195,OPTIMAL,-0.07703615109018862,OPTIMAL,-0.08135494284565489
C18orf54,OPTIMAL,-0.11624925631972752,OPTIMAL,-0.13077246302428475,OPTIMAL,-0.12905005924348778
C19orf12,OPTIMAL,-0.16188554576238812,OPTIMAL,-0.08067862706309059,OPTIMAL,-0.04682209870411424
C19orf25,OPTIMAL,-0.10267938648362601,OPTIMAL,-0.022947001918966224,OPTIMAL,-0.04867651538578969
C19orf53,OPTIMAL,0.3217810011887776,OPTIMAL,-0.2255725728333426,OPTIMAL,-0.24982362987123816
C1D,OPTIMAL,-0.556278525501944,OPTIMAL,0.11451011971239786,OPTIMAL,0.009934967203709809
C1GALT1,OPTIMAL,-0.7153508289417019,OPTIMAL,-0.014304195707834049,OPTIMAL,-0.03900981404508593
C1GALT1C1,CUT_LIMIT,,OPTIMAL,-0.06644677474861219,OPTIMAL,-0.05374555600140583
C1orf122,OPTIMAL,-0.09444135139981205,OPTIMAL,-0.05723717186485314,OPTIMAL,0.049967568373156336
C1orf131,OPTIMAL,-0.3249835079324767,CUT_LIMIT,,CUT_LIMIT,
C1orf159,OPTIMAL,-0.061354995837547784,OPTIMAL,-0.04125274561692986,OPTIMAL,-0.04543881029374095
C1orf174,OPTIMAL,-0.13142960952162125,OPTIMAL,-0.08647951395744184,OPTIMAL,-0.08724184649392772
C1orf198,OPTIMAL,-0.9877631790858581,OPTIMAL,-0.06001926242809052,OPTIMAL,-0.08089318043300707
C1orf21,OPTIMAL,-0.0027593999545882557,OPTIMAL,-0.2253805537721079,OPTIMAL,-0.08300828368608097
C1orf216,OPTIMAL,-0.30098329025572357,OPTIMAL,0.05417283997572891,OPTIMAL,0.010810443192936295
C1orf35,OPTIMAL,0.6221064780930253,OPTIMAL,0.2344686441633819,CUT_LIMIT,
C1orf43,CUT_LIMIT,,CUT_LIMIT,,OPTIMAL,-0.23354744460873744
C1orf50,OPTIMAL,0.24622187652273167,OPTIMAL,0.06307847671264127,OPTIMAL,0.06558293084596035
C1orf52,CUT_LIMIT,,OPTIMAL,-0.07725553475729312,OPTIMAL,-0.09677761664081005
C1orf53,OPTIMAL,0.0784803126425546,OPTIMAL,0.09059795596759275,OPTIMAL,0.08016289310138745
C1orf56,OPTIMAL,-0.08303042992176655,OPTIMAL,0.9982650996759747,OPTIMAL,0.5006842260061056
C1orf74,OPTIMAL,-0.09693108816238809,OPTIMAL,-0.04817353064844067,OPTIMAL,-0.07156700049727215
C1QBP,CUT_LIMIT,,OPTIMAL,-0.23394448015492803,OPTIMAL,-0.10522428413406107
C1QTNF2,OPTIMAL,-0.019521627302174785,OPTIMAL,-0.15626945003556178,OPTIMAL,-0.04588356046319957
C1R,OPTIMAL,0.5944468529148571,OPTIMAL,0.18852463166798122,OPTIMAL,0.09879742805584518
C1S,OPTIMAL,-0.01639212618334214,OPTIMAL,-0.0516909801453285,OPTIMAL,-0.020825295272399912
C20orf96,OPTIMAL,-0.014646567087662762,OPTIMAL,0.03507127790967995,OPTIMAL,0.01597718101909404
C21orf58,OPTIMAL,-0.09268096041803542,OPTIMAL,-0.0030989406722646156,OPTIMAL,-0.022587380646085432
C21orf91,OPTIMAL,0.015796649246840964,OPTIMAL,0.02262671034060238,OPTIMAL,-0.013966490459736783
C22orf39,CUT_LIMIT,,CUT_LIMIT,,OPTIMAL,0.006010808156012549
C2CD2,OPTIMAL,-0.5058744653196051,OPTIMAL,-0.08253106578783327,OPTIMAL,-0.08779123755927783
C2CD2L,OPTIMAL,0.12119634005555557,OPTIMAL,0.1314772188958864,OPTIMAL,0.0894559362532198
C2CD3,OPTIMAL,0.13084689664173274,OPTIMAL,0.05006185757848574,OPTIMAL,0.02618216771085321
C2CD5,OPTIMAL,0.3834428566348662,OPTIMAL,0.418632871067618,OPTIMAL,0.22045114532189142
C2orf42,OPTIMAL,-0.07710576612387597,OPTIMAL,-0.06456085795116356,OPTIMAL,-0.07121080299661704
C2orf49,OPTIMAL,0.47728095659754566,OPTIMAL,0.32439384887018013,OPTIMAL,0.23044891369186785
C2orf68,OPTIMAL,-0.004818426477178999,OPTIMAL,-0.05895339945416736,OPTIMAL,-0.01378317275483885
C2orf69,OPTIMAL,-0.1967511490287392,OPTIMAL,-0.08035850014505604,OPTIMAL,-0.11683080133749293
C2orf74,OPTIMAL,0.01647388591871145,OPTIMAL,0.0181406383739792,OPTIMAL,0.012570000613699261
C2orf76,OPTIMAL,0.28678805835622084,OPTIMAL,0.10623424535999478,OPTIMAL,0.12624449370589175
C2orf81,CUT_LIMIT,,OPTIMAL,-0.35931498279792656,INFEASIBLE,
C3orf18,OPTIMAL,-0.1067431849635708,OPTIMAL,-0.11356704181549068,OPTIMAL,-0.07424356535107948
C3orf38,OPTIMAL,0.14762841332885251,OPTIMAL,0.032353626698318136,OPTIMAL,0.046511872220321576
C3orf70,OPTIMAL,-0.12146591720321659,OPTIMAL,0.0076289382959060115,OPTIMAL,0.0035768745692711383
C4orf3,OPTIMAL,0.9714420942220107,OPTIMAL,0.23667044528190187,OPTIMAL,0.010920599842839412
C4orf33,OPTIMAL,0.5768930869585035,OPTIMAL,0.18300538320208623,OPTIMAL,0.15276204918633104
C4orf36,OPTIMAL,-0.08581098017634588,OPTIMAL,-0.04795819002987484,OPTIMAL,-0.04464578129055022
C4orf46,OPTIMAL,-0.13050604135105864,OPTIMAL,-0.09625436103383032,OPTIMAL,-0.09719218398106738
C5orf15,OPTIMAL,-0.12230637344389872,OPTIMAL,-0.03699794221103641,OPTIMAL,-0.062072366843444235
C5orf22,OPTIMAL,-0.09580627090225448,OPTIMAL,-0.05527875894614307,OPTIMAL,-0.04791306971699399
C5orf24,OPTIMAL,-0.565202613756831,OPTIMAL,0.023663365446665568,OPTIMAL,-0.02741379850753716
C5orf34,OPTIMAL,-0.045580539421344164,OPTIMAL,-0.0761212758798368,OPTIMAL,-0.09127474114231253
C5orf63,CUT_LIMIT,,CUT_LIMIT,,INFEASIBLE,
C6orf120,OPTIMAL,-0.10761049920015713,OPTIMAL,-0.045437543392973394,OPTIMAL,-0.037021134546116705
C6orf136,OPTIMAL,0.23168199781596469,OPTIMAL,0.22354550275356025,OPTIMAL,0.1455714679953451
C6orf226,OPTIMAL,-0.08531424780695274,OPTIMAL,-0.1042676854787803,OPTIMAL,-0.0705709678036042
C6orf62,CUT_LIMIT,,OPTIMAL,0.03620811402757312,OPTIMAL,0.01803412212680993
C6orf89,OPTIMAL,-0.3473242016093446,OPTIMAL,-0.05448695365385137,OPTIMAL,-0.09085035376725294
C7orf50,CUT_LIMIT,,OPTIMAL,0.2923790705539784,OPTIMAL,0.19463386480592143
C8orf33,OPTIMAL,0.7861921274838518,CUT_LIMIT,,CUT_LIMIT,
C8orf48,OPTIMAL,-0.07502635606652619,OPTIMAL,0.002692883147743018,OPTIMAL,0.019804411911391064
C8orf58,OPTIMAL,0.810557733118149,CUT_LIMIT,,OPTIMAL,0.46199537367755966
C8orf76,OPTIMAL,0.013645637468392095,OPTIMAL,0.0632901644270754,OPTIMAL,0.007159754916182292
C8orf82,OPTIMAL,-0.05196907951284293,OPTIMAL,-0.04496755025297383,OPTIMAL,-0.04606049586448466
C8orf88,OPTIMAL,-0.09967937236910576,OPTIMAL,-0.061073641385295224,OPTIMAL,-0.08161805849195573
C9orf40,OPTIMAL,-0.1707770449045341,OPTIMAL,-0.11508659229698429,OPTIMAL,-0.13786795243352384
C9orf72,OPTIMAL,-0.7425352368544664,OPTIMAL,-0.0614790464831041,OPTIMAL,-0.0378354877280069
C9orf78,OPTIMAL,0.09450736244861141,OPTIMAL,0.17977292764914607,CUT_LIMIT,
C9orf85,OPTIMAL,-0.14490777146318218,OPTIMAL,-0.09264381087848346,OPTIMAL,-0.10380053715202806
CA12,OPTIMAL,-0.09189356754896064,OPTIMAL,-0.01067523775317026,CUT_LIMIT,
CA13,OPTIMAL,-0.12518214036277878,OPTIMAL,-0.06717854192584315,OPTIMAL,-0.07348533337616106
CA7,OPTIMAL,-0.30980065173671417,OPTIMAL,-0.022264612423328427,OPTIMAL,0.002284883271148195
CAAP1,OPTIMAL,0.12825696825611285,OPTIMAL,0.025436619677195196,OPTIMAL,0.04681585242589495
CAB39,OPTIMAL,-0.3784925829604222,CUT_LIMIT,,OPTIMAL,-0.12617280933602215
CAB39L,OPTIMAL,-0.08656176534774604,OPTIMAL,-0.05679252621949542,OPTIMAL,-0.06633142402798033
CABIN1,OPTIMAL,0.16961561772766398,OPTIMAL,-0.01358921499783727,OPTIMAL,-0.025642555778188074
CABLES2,OPTIMAL,-0.09054413134583926,OPTIMAL,-0.0551376928487881,OPTIMAL,-0.061148937698908244
CABYR,OPTIMAL,-0.07659242951416034,OPTIMAL,-0.060139284048075725,OPTIMAL,-0.055570772191486255
CACFD1,OPTIMAL,-0.059631475166756584,OPTIMAL,-0.036082213484018334,OPTIMAL,-0.03872662718028507
CACNA1C,CUT_LIMIT,,OPTIMAL,-0.0776608818409788,OPTIMAL,-0.08994640510814823
CACNA2D1,CUT_LIMIT,,OPTIMAL,0.08104728479688243,OPTIMAL,0.07291688784119978
CACNB3,OPTIMAL,0.15915940126813294,OPTIMAL,0.07965909797865672,OPTIMAL,0.023558756232893267
CACTIN,OPTIMAL,-0.10665968934586859,OPTIMAL,-0.0605806714071116,OPTIMAL,-0.06854018318094503
CACUL1,OPTIMAL,-0.459087757570764,OPTIMAL,0.43573648124934705,OPTIMAL,0.2810859339860522
CACYBP,CUT_LIMIT,,OPTIMAL,-0.08718955717308187,OPTIMAL,-0.09203482739384898
CAD,OPTIMAL,-0.1627679343847111,OPTIMAL,0.01607868265806871,CUT_LIMIT,
CADM2,CUT_LIMIT,,OPTIMAL,-0.41972505375415065,OPTIMAL,0.06891420361282052
CALCOCO1,CUT_LIMIT,,OPTIMAL,-0.13335841551869543,OPTIMAL,-0.010294397189054224
CALCOCO2,OPTIMAL,0.07100424498792289,CUT_LIMIT,,OPTIMAL,0.12425952232651752
CALD1,OPTIMAL,0.11440292880303031,CUT_LIMIT,,OPTIMAL,-0.11464785444557314
CALHM2,OPTIMAL,-0.07762522847500579,OPTIMAL,-0.08494265472642153,OPTIMAL,-0.10335408002896208
CALM1,INFEASIBLE,,INFEASIBLE,,INFEASIBLE,
CALM2,CUT_LIMIT,,INFEASIBLE,,INFEASIBLE,
CALM3,OPTIMAL,0.33942231354280816,OPTIMAL,0.10418630246827369,OPTIMAL,0.08516017522692242
CALR,CUT_LIMIT,,OPTIMAL,-0.3702777026470821,CUT_LIMIT,
CALU,OPTIMAL,-0.1142987694576689,OPTIMAL,-0.41546921736760667,OPTIMAL,-0.208606115000182
CAMK2B,OPTIMAL,-0.6619929507647935,CUT_LIMIT,,OPTIMAL,0.6540872884065955
CAMK2D,OPTIMAL,-0.30694685038942787,OPTIMAL,-0.07869896840359783,OPTIMAL,-0.0969325405880316
CAMK2G,OPTIMAL,-0.31583673515996724,OPTIMAL,-0.13942258377192024,OPTIMAL,-0.1280611817483289
CAMK2N1,OPTIMAL,-0.006141213748964936,OPTIMAL,-0.13882251741146068,OPTIMAL,-0.12929137235045593
CAMK4,OPTIMAL,-0.03442771542525654,OPTIMAL,-0.03814531665127921,OPTIMAL,-0.04350638517716559
CAMKK1,OPTIMAL,-0.3191477350257429,OPTIMAL,-0.06170585300172379,OPTIMAL,-0.07516198826417389
CAMKK2,OPTIMAL,0.08188102570954353,OPTIMAL,0.08580837101147415,OPTIMAL,0.09398614668037503
CAMLG,OPTIMAL,-0.36967568579646604,OPTIMAL,0.08857542058673555,OPTIMAL,0.09187493657400382
CAMSAP1,OPTIMAL,0.1474789389047184,OPTIMAL,0.21064395206799996,OPTIMAL,0.10829562151745536
CAMSAP2,OPTIMAL,0.14735636532684024,OPTIMAL,-0.04763393887429806,OPTIMAL,0.013503155774599786
CAMTA1,OPTIMAL,-0.989857406939923,CUT_LIMIT,,CUT_LIMIT,
CAMTA2,OPTIMAL,-0.0726395003073893,OPTIMAL,-0.040810386032088836,OPTIMAL,-0.052322963546327816
CAND1,CUT_LIMIT,,OPTIMAL,-0.13022830697208088,OPTIMAL,-0.13147252125774317
CANT1,CUT_LIMIT,,OPTIMAL,0.2286183590181686,CUT_LIMIT,
CANX,CUT_LIMIT,,OPTIMAL,-0.04718363877855242,OPTIMAL,-0.11149847692838975
CAP1,CUT_LIMIT,,CUT_LIMIT,,OPTIMAL,-0.11524910372057583
CAP2,OPTIMAL,-0.3663441718676803,OPTIMAL,-0.036665835026330876,OPTIMAL,-0.06470743038568827
