,MIR199A2_d333_c95_status,MIR199A2_d333_c95_times,MIR199A2_d333_c95_cuts,MIR199A2_d333_c95_correlation,MIR199A2_d334_c95_status,MIR199A2_d334_c95_times,MIR199A2_d334_c95_cuts,MIR199A2_d334_c95_correlation,MIR199A2_d343_c95_status,MIR199A2_d343_c95_times,MIR199A2_d343_c95_cuts,MIR199A2_d343_c95_correlation,MIR199A2_d344_c95_status,MIR199A2_d344_c95_times,MIR199A2_d344_c95_cuts,MIR199A2_d344_c95_correlation,MIR199A2_d433_c95_status,MIR199A2_d433_c95_times,MIR199A2_d433_c95_cuts,MIR199A2_d433_c95_correlation,MIR199A2_d434_c95_status,MIR199A2_d434_c95_times,MIR199A2_d434_c95_cuts,MIR199A2_d434_c95_correlation,MIR199A2_d443_c95_status,MIR199A2_d443_c95_times,MIR199A2_d443_c95_cuts,MIR199A2_d443_c95_correlation,MIR199A2_d444_c95_status,MIR199A2_d444_c95_times,MIR199A2_d444_c95_cuts,MIR199A2_d444_c95_correlation,MIR199A2_d333_c50_status,MIR199A2_d333_c50_times,MIR199A2_d333_c50_cuts,MIR199A2_d333_c50_correlation,MIR199A2_d334_c50_status,MIR199A2_d334_c50_times,MIR199A2_d334_c50_cuts,MIR199A2_d334_c50_correlation,MIR199A2_d343_c50_status,MIR199A2_d343_c50_times,MIR199A2_d343_c50_cuts,MIR199A2_d343_c50_correlation,MIR199A2_d344_c50_status,MIR199A2_d344_c50_times,MIR199A2_d344_c50_cuts,MIR199A2_d344_c50_correlation,MIR199A2_d433_c50_status,MIR199A2_d433_c50_times,MIR199A2_d433_c50_cuts,MIR199A2_d433_c50_correlation,MIR199A2_d434_c50_status,MIR199A2_d434_c50_times,MIR199A2_d434_c50_cuts,MIR199A2_d434_c50_correlation,MIR199A2_d443_c50_status,MIR199A2_d443_c50_times,MIR199A2_d443_c50_cuts,MIR199A2_d443_c50_correlation,MIR199A2_d444_c50_status,MIR199A2_d444_c50_times,MIR199A2_d444_c50_cuts,MIR199A2_d444_c50_correlation
ACAP3,OPTIMAL,0.0,0,-0.10157523829010572,CUT_LIMIT,0.08800053596496582,100,,OPTIMAL,0.30700016021728516,1,-0.3087409247789008,OPTIMAL,0.39799952507019043,62,-0.3087409247789008,OPTIMAL,0.375,2,-0.12354191448591188,OPTIMAL,0.3619999885559082,3,-0.12179062131473697,OPTIMAL,0.003000020980834961,0,-0.18246326313739036,OPTIMAL,0.24400019645690918,8,-0.4502303817015817,OPTIMAL,0.0,0,-0.08494175913304146,OPTIMAL,0.05000019073486328,93,-0.08494175913304146,OPTIMAL,0.0,0,-0.08283341335951841,OPTIMAL,0.0709993839263916,30,-0.08283341335951841,OPTIMAL,0.002000093460083008,0,-0.08494175913304146,OPTIMAL,0.004999637603759766,2,-0.09722633903135218,OPTIMAL,0.005000114440917969,0,-0.11169546922253598,OPTIMAL,0.015000104904174805,2,-0.11194215667303138
ACOT13,OPTIMAL,0.002000093460083008,0,-0.19158228187290333,CUT_LIMIT,0.09999942779541016,100,,OPTIMAL,0.9700000286102295,2,-0.9820615352842678,OPTIMAL,6.162999629974365,84,-0.6970573904397672,OPTIMAL,0.009999990463256836,2,-0.19158228187290333,OPTIMAL,0.029000043869018555,3,-0.22748792579979654,OPTIMAL,0.38899993896484375,3,-0.5934943837115657,OPTIMAL,1.4709999561309814,4,-0.3715343826959844,OPTIMAL,0.0019998550415039062,0,-0.22276541580219167,CUT_LIMIT,0.06400036811828613,100,,OPTIMAL,0.015000104904174805,0,-0.31268895303001093,OPTIMAL,0.048999786376953125,70,-0.31268895303001093,OPTIMAL,0.0,0,-0.22276541580219167,OPTIMAL,0.016000032424926758,2,-0.22544811384073818,INFEASIBLE,0.011999845504760742,0,,INFEASIBLE,0.003999948501586914,0,
ACP6,OPTIMAL,0.0,2,-0.08634382634994814,CUT_LIMIT,0.042999982833862305,100,,OPTIMAL,0.20600008964538574,0,-0.1344486159261118,OPTIMAL,4.999000310897827,34,-0.1344486159261118,OPTIMAL,0.032000064849853516,2,-0.07927380210606563,OPTIMAL,0.016000032424926758,3,-0.1237633702650567,OPTIMAL,0.0,0,-0.17800531394531985,OPTIMAL,0.015000104904174805,0,-0.17800531394531985,OPTIMAL,0.006000041961669922,0,-0.07870826103961083,CUT_LIMIT,0.09799981117248535,100,,OPTIMAL,0.0,0,-0.08366315391473932,OPTIMAL,0.05200004577636719,30,-0.08366315391473932,OPTIMAL,0.0,0,-0.07870826103961083,OPTIMAL,0.009999990463256836,3,-0.10242552502832367,INFEASIBLE,0.06200003623962402,0,,INFEASIBLE,0.07899999618530273,0,
ADRB1,OPTIMAL,0.0,3,-0.05770067028990214,CUT_LIMIT,0.059999942779541016,100,,OPTIMAL,0.2720000743865967,0,-0.3602388181087274,OPTIMAL,2.7689998149871826,55,-0.3602388181087274,OPTIMAL,0.3410000801086426,3,-0.07197531347401587,OPTIMAL,0.32899999618530273,4,-0.4288100042623164,OPTIMAL,0.6849994659423828,4,-0.09806136932826984,OPTIMAL,1.6629998683929443,3,-0.13781255215434762,INFEASIBLE,0.0,0,,INFEASIBLE,0.0,0,,INFEASIBLE,0.0,0,,INFEASIBLE,0.017000198364257812,0,,INFEASIBLE,0.0,0,,INFEASIBLE,0.0,0,,INFEASIBLE,0.006000041961669922,0,,INFEASIBLE,0.017000198364257812,0,
AKT1,OPTIMAL,0.0,0,-0.15190385132847692,CUT_LIMIT,0.07699966430664062,100,,OPTIMAL,0.247999906539917,0,-0.8428858033088544,OPTIMAL,2.7230002880096436,60,-0.8428858033088544,OPTIMAL,0.0070002079010009766,2,-0.15190385132847692,OPTIMAL,0.021000146865844727,3,-0.16116446952038774,OPTIMAL,0.016000032424926758,1,-0.27286962621137917,OPTIMAL,0.48600006103515625,1,-0.16559684340063732,OPTIMAL,0.0,0,-0.15872278502784992,CUT_LIMIT,0.0279998779296875,100,,OPTIMAL,0.06599998474121094,1,-0.23127709015272988,OPTIMAL,0.09100008010864258,54,-0.23127709015272988,OPTIMAL,0.0,0,-0.15872278502784992,OPTIMAL,0.02200031280517578,2,-0.16586447518399153,TIME_LIMIT,30.00600004196167,0,,TIME_LIMIT,30.00600004196167,0,
AKT1S1,OPTIMAL,0.0019998550415039062,2,-0.08400672651616631,OPTIMAL,0.05900001525878906,77,-0.08400672651616631,OPTIMAL,0.18799996376037598,0,-0.28869675017728846,OPTIMAL,2.0369999408721924,51,-0.28869675017728846,OPTIMAL,0.005000114440917969,2,-0.08400672651616631,OPTIMAL,0.3540000915527344,8,-0.12143711338238386,OPTIMAL,0.2329998016357422,0,-0.879635357873001,OPTIMAL,0.21799993515014648,0,-0.879635357873001,OPTIMAL,0.0,0,-0.07510430715532407,CUT_LIMIT,0.051000118255615234,100,,OPTIMAL,0.2800002098083496,0,-0.12903348225637565,OPTIMAL,4.37999963760376,28,-0.12903348225637565,OPTIMAL,0.002000093460083008,0,-0.07510430715532407,OPTIMAL,0.012000083923339844,3,-0.08877563635764137,INFEASIBLE,0.0,0,,INFEASIBLE,0.00800013542175293,0,
ANKRD16,OPTIMAL,0.0,0,-0.10749251780984115,CUT_LIMIT,0.12599968910217285,100,,OPTIMAL,0.0,1,-0.2548190467765695,OPTIMAL,0.06500005722045898,61,-0.2548190467765695,OPTIMAL,0.005000114440917969,0,-0.10749251780984115,OPTIMAL,0.006000041961669922,3,-0.14517227377568237,OPTIMAL,0.0,0,-0.2347058330472734,OPTIMAL,0.006000041961669922,3,-0.24867922005913765,OPTIMAL,0.002000093460083008,0,-0.09347882990042536,OPTIMAL,0.05799984931945801,86,-0.10130293302485029,OPTIMAL,0.002000093460083008,0,-0.09479589997626164,OPTIMAL,0.05399966239929199,35,-0.09479589997626164,OPTIMAL,0.0,0,-0.09347882990042536,OPTIMAL,0.009999990463256836,3,-0.10577369552670705,TIME_LIMIT,30.003999948501587,0,,TIME_LIMIT,30.00499987602234,0,
ARFIP1,OPTIMAL,0.003000020980834961,1,-0.19719786024331315,CUT_LIMIT,0.08100032806396484,100,,OPTIMAL,0.5850000381469727,1,-0.9442026934485929,OPTIMAL,4.399999618530273,73,-0.9380646708112111,OPTIMAL,0.003000020980834961,2,-0.19719786024331315,OPTIMAL,0.020999908447265625,3,-0.21371955060505785,OPTIMAL,0.39300012588500977,0,-0.23696997390378402,OPTIMAL,0.6370000839233398,3,-0.7119222576179489,INFEASIBLE,0.0,0,,INFEASIBLE,0.0,0,,INFEASIBLE,0.0,0,,INFEASIBLE,0.0,0,,INFEASIBLE,0.0,0,,INFEASIBLE,0.003000020980834961,0,,INFEASIBLE,0.012000083923339844,0,,INFEASIBLE,0.006000041961669922,0,
ARMC9,OPTIMAL,0.0,1,-0.1157441748015226,CUT_LIMIT,0.04699993133544922,100,,OPTIMAL,0.013000011444091797,0,-0.20407423322017468,OPTIMAL,0.09800004959106445,58,-0.20407423322017468,OPTIMAL,0.0,2,-0.1157441748015226,OPTIMAL,0.003999948501586914,3,-0.11897727679241828,OPTIMAL,0.0,0,-0.26934593093939163,OPTIMAL,0.4160003662109375,6,-0.19716943654649496,OPTIMAL,0.002000093460083008,0,-0.10353147569621857,CUT_LIMIT,0.03599953651428223,100,,OPTIMAL,0.015999794006347656,0,-0.12930987661598778,OPTIMAL,0.059999704360961914,34,-0.12930987661598778,OPTIMAL,0.0,0,-0.10353147569621857,OPTIMAL,0.016000032424926758,2,-0.12157308650410038,TIME_LIMIT,30.003000020980835,0,,TIME_LIMIT,30.003999948501587,0,
ASB13,OPTIMAL,0.016000032424926758,2,-0.08201987656448835,OPTIMAL,0.037999868392944336,50,-0.10397435874045365,OPTIMAL,0.03600001335144043,1,-0.08589594790306973,OPTIMAL,0.11700010299682617,46,-0.08589594790306973,OPTIMAL,0.013000011444091797,2,-0.07417462337752855,OPTIMAL,0.018000125885009766,4,-0.09378393387488043,OPTIMAL,0.01399993896484375,0,-0.3194323748201277,OPTIMAL,0.003000020980834961,1,-0.24505523554578212,OPTIMAL,0.0,0,-0.09244136938039889,OPTIMAL,0.026999950408935547,59,-0.09696089075902019,OPTIMAL,0.003000020980834961,1,-0.09854589088378486,OPTIMAL,0.06300020217895508,26,-0.09854589088378486,OPTIMAL,0.0,0,-0.0908746952842698,OPTIMAL,0.006999969482421875,4,-0.10097813966828241,OPTIMAL,0.004999876022338867,0,-0.12879353518147332,OPTIMAL,0.03099989891052246,3,-0.12561423866788368
ATOH8,OPTIMAL,0.016000032424926758,3,-0.11530899791051706,OPTIMAL,0.03900003433227539,98,-0.09337337554019691,OPTIMAL,0.18899989128112793,0,-0.11540554493826881,OPTIMAL,2.4789998531341553,31,-0.11540554493826881,OPTIMAL,0.0,0,-0.09285729921543319,OPTIMAL,0.051000118255615234,3,-0.14305118176626122,OPTIMAL,0.010999917984008789,0,-0.5148756494756177,OPTIMAL,0.037999868392944336,1,-0.17223253034777963,INFEASIBLE,0.0,0,,INFEASIBLE,0.002000093460083008,0,,INFEASIBLE,0.003999948501586914,0,,INFEASIBLE,0.003000020980834961,0,,INFEASIBLE,0.003000020980834961,0,,INFEASIBLE,0.0,0,,INFEASIBLE,0.006000041961669922,0,,INFEASIBLE,0.0,0,
B4GALT4,OPTIMAL,0.0029997825622558594,2,-0.16264959182604782,CUT_LIMIT,0.051000118255615234,100,,OPTIMAL,0.0,0,-0.3675427904533974,OPTIMAL,0.07799983024597168,61,-0.3675427904533974,OPTIMAL,0.0,2,-0.14619220956853357,OPTIMAL,0.9969997406005859,4,-0.15084497340137895,OPTIMAL,0.0,0,-0.4053967232623943,OPTIMAL,0.0,1,-0.152133877090071,OPTIMAL,0.015000104904174805,0,-0.12707319166179917,CUT_LIMIT,0.05200004577636719,100,,OPTIMAL,0.003999948501586914,0,-0.19234155056962085,OPTIMAL,0.06200003623962402,59,-0.19234155056962085,OPTIMAL,0.0,0,-0.12707319166179917,OPTIMAL,0.0,2,-0.13635510565825726,OPTIMAL,0.003999948501586914,0,-0.15670747961920656,OPTIMAL,0.008999824523925781,2,-0.15350523537832983
BANP,OPTIMAL,0.0,1,-0.13929658254737398,CUT_LIMIT,0.028999805450439453,100,,OPTIMAL,0.020999908447265625,0,-0.47993572817739893,OPTIMAL,0.08700013160705566,64,-0.47993572817739893,OPTIMAL,0.0,0,-0.13929658254737398,OPTIMAL,0.015000104904174805,3,-0.1447941849950797,OPTIMAL,0.016000032424926758,0,-0.45278017044885305,OPTIMAL,1.437000036239624,4,-0.23077379838675016,OPTIMAL,0.016000032424926758,1,-0.1088317589183709,CUT_LIMIT,0.29600048065185547,100,,OPTIMAL,0.247999906539917,0,-0.14754105712242396,OPTIMAL,3.637000322341919,55,-0.14754105712242396,OPTIMAL,0.0,0,-0.1088317589183709,OPTIMAL,0.0009999275207519531,4,-0.11971372912507712,TIME_LIMIT,30.001999855041504,0,,TIME_LIMIT,30.003000020980835,0,
BCR,OPTIMAL,0.0,0,-0.12539098690620679,CUT_LIMIT,0.05800008773803711,100,,OPTIMAL,0.0,0,-0.20673078331983893,OPTIMAL,0.03299999237060547,26,-0.20673078331983893,OPTIMAL,0.006000041961669922,2,-0.14985305637670374,OPTIMAL,0.016000032424926758,3,-0.16788121577237117,OPTIMAL,0.016000032424926758,0,-0.2953846469417214,OPTIMAL,0.0,0,-0.2953846469417214,OPTIMAL,0.002000093460083008,0,-0.11365732767593573,OPTIMAL,0.1289997100830078,99,-0.12203905309593545,OPTIMAL,0.010999917984008789,0,-0.1283600457955052,OPTIMAL,0.0689997673034668,40,-0.1283600457955052,OPTIMAL,0.0,0,-0.11365732767593573,OPTIMAL,0.003000020980834961,2,-0.12236516521394904,OPTIMAL,0.012000083923339844,0,-0.1534706595649019,OPTIMAL,0.0009999275207519531,1,-0.1517196869604036
BTBD7,OPTIMAL,0.0,1,-0.2005384949796483,CUT_LIMIT,0.06500005722045898,100,,OPTIMAL,1.2219998836517334,1,-0.8916308779196513,OPTIMAL,6.009000062942505,74,-0.9661523988164471,OPTIMAL,0.0,2,-0.2005384949796483,OPTIMAL,1.6529998779296875,11,-0.1793613562922399,OPTIMAL,1.1529998779296875,3,-0.28597788575574745,OPTIMAL,4.339000463485718,11,-0.5177506212958508,INFEASIBLE,0.0,0,,INFEASIBLE,0.0,0,,INFEASIBLE,0.0,0,,INFEASIBLE,0.01699995994567871,0,,INFEASIBLE,0.0,0,,INFEASIBLE,0.006999969482421875,0,,INFEASIBLE,0.019999980926513672,0,,INFEASIBLE,0.016000032424926758,0,
C12orf76,OPTIMAL,0.0,2,-0.08945633137168375,OPTIMAL,0.06400012969970703,85,-0.11223865612954942,OPTIMAL,0.14800000190734863,0,-0.2555811691306956,OPTIMAL,4.260000228881836,49,-0.2555811691306956,OPTIMAL,0.016000032424926758,2,-0.08945633137168375,OPTIMAL,0.03399991989135742,8,-0.120014836313054,OPTIMAL,0.0,0,-0.38539995642491937,OPTIMAL,0.0,1,-0.17109906734789457,OPTIMAL,0.0,1,-0.08356916421953683,CUT_LIMIT,0.03699994087219238,100,,OPTIMAL,0.017999887466430664,0,-0.0882406382039241,OPTIMAL,0.08100008964538574,35,-0.0882406382039241,OPTIMAL,0.00800013542175293,0,-0.08356916421953683,OPTIMAL,0.0009999275207519531,4,-0.09339077691811001,OPTIMAL,0.0,0,-0.12790218719347432,OPTIMAL,0.015999794006347656,1,-0.09665505635768153
C18orf21,OPTIMAL,0.0,0,-0.13005345706229304,CUT_LIMIT,0.05699968338012695,100,,OPTIMAL,0.4570000171661377,0,-0.2508612819053075,OPTIMAL,10.803000211715698,55,-0.2508612819053075,OPTIMAL,0.0,2,-0.1556648495247732,OPTIMAL,0.006999969482421875,3,-0.18757780579754021,OPTIMAL,0.0,0,-0.29952536641283056,OPTIMAL,1.066999912261963,2,-0.31212729163481395,INFEASIBLE,0.005000114440917969,0,,INFEASIBLE,0.002000093460083008,0,,INFEASIBLE,0.0,0,,INFEASIBLE,0.0,0,,INFEASIBLE,0.0,0,,INFEASIBLE,0.0009999275207519531,0,,INFEASIBLE,0.0,0,,INFEASIBLE,0.016000032424926758,0,
C20orf96,OPTIMAL,0.003999948501586914,3,-0.09727273309018901,CUT_LIMIT,0.0670003890991211,100,,OPTIMAL,0.3320000171661377,0,-0.09889794734372895,OPTIMAL,6.11899995803833,45,-0.09889794734372895,OPTIMAL,0.0,3,-0.09727273309018901,OPTIMAL,0.003000020980834961,4,-0.11031918992103222,OPTIMAL,0.4679999351501465,1,-0.13969523590729582,OPTIMAL,0.031999826431274414,3,-0.25318609255835683,OPTIMAL,0.0,0,-0.061214467793252104,CUT_LIMIT,0.05200004577636719,100,,OPTIMAL,0.003000020980834961,0,-0.06379012869080529,OPTIMAL,0.05699944496154785,35,-0.06379012869080529,OPTIMAL,0.0,0,-0.061214467793252104,OPTIMAL,0.002000093460083008,2,-0.06602008421002158,OPTIMAL,0.0,0,-0.08446338460139502,OPTIMAL,0.0,1,-0.08446338460139502
C21orf91,OPTIMAL,0.002000093460083008,0,-0.09149649522566945,CUT_LIMIT,0.04699993133544922,100,,OPTIMAL,0.07800006866455078,0,-0.4537561235609986,OPTIMAL,3.011000394821167,51,-0.4537561235609986,OPTIMAL,0.0,2,-0.1142746462766463,OPTIMAL,0.019999980926513672,3,-0.11717365096843278,OPTIMAL,0.0019998550415039062,0,-0.13816957448300718,OPTIMAL,0.02200007438659668,4,-0.10269015650948984,INFEASIBLE,0.004999876022338867,0,,INFEASIBLE,0.0,0,,INFEASIBLE,0.0,0,,INFEASIBLE,0.015000104904174805,0,,INFEASIBLE,0.0,0,,INFEASIBLE,0.003000020980834961,0,,INFEASIBLE,0.003000020980834961,0,,INFEASIBLE,0.0,0,
C4orf46,OPTIMAL,0.0,0,-0.133760052045424,CUT_LIMIT,0.07299995422363281,100,,OPTIMAL,0.23200011253356934,0,-0.4036120567306831,OPTIMAL,2.5450003147125244,50,-0.4036120567306831,OPTIMAL,0.0,2,-0.133760052045424,OPTIMAL,0.0,3,-0.1718053628562157,OPTIMAL,0.05500006675720215,1,-0.2761409853781814,OPTIMAL,0.3680000305175781,3,-0.19778718671935258,OPTIMAL,0.0029997825622558594,1,-0.12705837592287847,CUT_LIMIT,0.0409998893737793,100,,OPTIMAL,0.19800019264221191,1,-0.19078841838794305,OPTIMAL,0.29199981689453125,29,-0.19078841838794305,OPTIMAL,0.0,0,-0.12705837592287847,OPTIMAL,0.0,1,-0.12312308970826101,OPTIMAL,0.0019998550415039062,0,-0.15564114136722312,OPTIMAL,0.48799991607666016,3,-0.11774531473208127
CABLES2,OPTIMAL,0.002000093460083008,0,-0.09996771166278669,CUT_LIMIT,0.08799982070922852,100,,OPTIMAL,0.003000020980834961,0,-0.25225598506119745,OPTIMAL,0.08599996566772461,61,-0.25225598506119745,OPTIMAL,0.0,0,-0.09996771166278669,OPTIMAL,0.016000032424926758,3,-0.12920095987743183,OPTIMAL,0.2630000114440918,0,-0.16462577809952367,OPTIMAL,0.3020000457763672,1,-0.15910610147112342,OPTIMAL,0.003999948501586914,0,-0.08810515161774617,CUT_LIMIT,0.0560002326965332,100,,OPTIMAL,0.0,0,-0.12442842408749509,OPTIMAL,0.04799985885620117,25,-0.12442842408749509,OPTIMAL,0.0,0,-0.08810515161774617,OPTIMAL,0.0,2,-0.10435894089503232,TIME_LIMIT,30.003000020980835,0,,TIME_LIMIT,30.003000020980835,0,
CABYR,OPTIMAL,0.003999948501586914,3,-0.10571935976292732,OPTIMAL,0.003000020980834961,80,-0.10571935976292732,OPTIMAL,0.0,0,-0.10915936385005177,OPTIMAL,0.07200002670288086,59,-0.10915936385005177,OPTIMAL,0.01399993896484375,3,-0.10571935976292732,OPTIMAL,0.0,4,-0.1131799633499068,OPTIMAL,0.010999917984008789,0,-0.32379976652983705,OPTIMAL,0.01399993896484375,2,-0.3554856816293808,OPTIMAL,0.0,0,-0.07160748312335892,CUT_LIMIT,0.08600020408630371,100,,OPTIMAL,0.003999948501586914,0,-0.07694912158140335,OPTIMAL,0.06500005722045898,40,-0.07694912158140335,OPTIMAL,0.0,0,-0.07160748312335892,OPTIMAL,0.01699995994567871,2,-0.07323290110092112,INFEASIBLE,0.006999969482421875,0,,INFEASIBLE,0.015000104904174805,0,
CAMTA2,OPTIMAL,0.016000032424926758,0,-0.07484905831936858,OPTIMAL,0.06100034713745117,80,-0.07484905831936858,OPTIMAL,0.0,0,-0.06429757133609607,OPTIMAL,0.07800006866455078,25,-0.06429757133609607,OPTIMAL,8.234000205993652,3,-0.08779782470106885,OPTIMAL,8.803000211715698,3,-0.08779782470106885,OPTIMAL,0.031999826431274414,1,-0.26268185043053877,OPTIMAL,0.029999971389770508,2,-0.15627694753364327,OPTIMAL,0.0,0,-0.07331293521834314,OPTIMAL,0.06399989128112793,99,-0.07331293521834314,OPTIMAL,0.020999908447265625,0,-0.0693832487503039,OPTIMAL,0.03699970245361328,22,-0.0693832487503039,OPTIMAL,0.0,0,-0.0694165740865838,OPTIMAL,0.016000032424926758,4,-0.08160796451235555,INFEASIBLE,0.07299995422363281,0,,INFEASIBLE,0.07999992370605469,0,
CBY1,OPTIMAL,0.0,0,-0.16200001763349095,CUT_LIMIT,0.08999991416931152,100,,OPTIMAL,0.010000228881835938,0,-0.3050032664730607,OPTIMAL,0.057000160217285156,62,-0.3050032664730607,OPTIMAL,0.011999845504760742,2,-0.16200001763349095,OPTIMAL,0.016000032424926758,3,-0.19507285832650803,OPTIMAL,0.015999794006347656,0,-0.41117204656470163,OPTIMAL,0.0,1,-0.22994302175487946,OPTIMAL,0.002000093460083008,0,-0.13886192998443517,CUT_LIMIT,0.045000314712524414,100,,OPTIMAL,0.0,0,-0.1778630487784993,OPTIMAL,0.051999807357788086,54,-0.1778630487784993,OPTIMAL,0.0,0,-0.13886192998443517,OPTIMAL,0.0,2,-0.1476864221856244,INFEASIBLE,0.0,0,,INFEASIBLE,0.0,0,
CCDC171,OPTIMAL,0.0,0,-0.10007905852836464,OPTIMAL,0.04000043869018555,94,-0.10007905852836464,OPTIMAL,0.1959998607635498,0,-0.23254161775670945,OPTIMAL,4.89900016784668,35,-0.23254161775670945,OPTIMAL,0.27300000190734863,2,-0.12063991667211361,OPTIMAL,0.0,2,-0.10007905852836464,OPTIMAL,0.003999948501586914,0,-0.2516842227472382,OPTIMAL,0.568000078201294,6,-0.3189934302407239,OPTIMAL,0.01699995994567871,0,-0.09357880687261419,CUT_LIMIT,0.07599973678588867,100,,OPTIMAL,0.003000020980834961,0,-0.09712902462326574,OPTIMAL,0.10200047492980957,45,-0.09712902462326574,OPTIMAL,0.0,0,-0.09357880687261419,OPTIMAL,0.011999845504760742,2,-0.10210618144887075,TIME_LIMIT,30.003999948501587,0,,TIME_LIMIT,30.003999948501587,0,
CDR2L,OPTIMAL,0.0,2,-0.10562997434119221,CUT_LIMIT,0.01100015640258789,100,,OPTIMAL,0.07200002670288086,0,-0.38887544126714013,OPTIMAL,1.1699998378753662,41,-0.38887544126714013,OPTIMAL,0.003000020980834961,0,-0.10562997434119221,OPTIMAL,0.016000032424926758,3,-0.12967008556542892,OPTIMAL,0.3489999771118164,0,-0.12033725510660312,OPTIMAL,2.2220001220703125,4,-0.17445264291969517,INFEASIBLE,0.003999948501586914,0,,INFEASIBLE,0.0,0,,INFEASIBLE,0.0,0,,INFEASIBLE,0.0,0,,INFEASIBLE,0.0,0,,INFEASIBLE,0.0,0,,INFEASIBLE,0.006000041961669922,0,,INFEASIBLE,0.006999969482421875,0,
CEPT1,OPTIMAL,0.0,3,-0.11724280803882453,CUT_LIMIT,0.031999826431274414,100,,OPTIMAL,0.2690000534057617,0,-0.1301207605782031,OPTIMAL,5.375,36,-0.1301207605782031,OPTIMAL,0.0,0,-0.09033746941220523,OPTIMAL,0.0,3,-0.11188326481930941,OPTIMAL,0.02500009536743164,0,-0.2821076245556481,OPTIMAL,0.03600001335144043,1,-0.12789814533901278,OPTIMAL,0.0,0,-0.0824454372657661,CUT_LIMIT,0.07600021362304688,100,,OPTIMAL,0.0029997825622558594,0,-0.08660581113674935,OPTIMAL,0.043000221252441406,33,-0.08660581113674935,OPTIMAL,0.003000020980834961,0,-0.0824454372657661,OPTIMAL,0.016000032424926758,2,-0.08971505767228004,OPTIMAL,0.003000020980834961,0,-0.13431927234713736,OPTIMAL,0.1359999179840088,3,-0.1297499782055855
CHID1,OPTIMAL,0.007999897003173828,1,-0.176992400194468,CUT_LIMIT,0.06100058555603027,100,,OPTIMAL,0.005000114440917969,0,-0.8513164538691155,OPTIMAL,0.08899998664855957,63,-0.8513164538691155,OPTIMAL,0.010999917984008789,0,-0.176992400194468,OPTIMAL,0.016000032424926758,3,-0.1857394543081684,OPTIMAL,0.3409998416900635,0,-0.2036506820348507,OPTIMAL,1.4659998416900635,4,-0.28405208338106175,OPTIMAL,0.0,0,-0.18195533396039026,CUT_LIMIT,0.0839998722076416,100,,OPTIMAL,0.2990000247955322,7,-0.2750792290476003,OPTIMAL,0.8789999485015869,71,-0.2750792290476003,OPTIMAL,0.0,0,-0.18195533396039026,OPTIMAL,0.005000114440917969,2,-0.1886459120094023,TIME_LIMIT,30.003000020980835,0,,TIME_LIMIT,30.003000020980835,0,
CHMP6,OPTIMAL,0.0,0,-0.10217588180944198,CUT_LIMIT,0.04899954795837402,100,,OPTIMAL,0.2539999485015869,0,-0.1667247166539087,OPTIMAL,6.015000343322754,60,-0.1667247166539087,OPTIMAL,0.013000011444091797,2,-0.10217588180944198,OPTIMAL,0.4049999713897705,5,-0.5412367567104076,OPTIMAL,0.014000177383422852,0,-0.25048600837910395,OPTIMAL,0.04699993133544922,4,-0.32543414340533666,OPTIMAL,0.0019998550415039062,0,-0.08683750187953912,CUT_LIMIT,0.03299999237060547,100,,OPTIMAL,0.0,0,-0.09987868392604053,OPTIMAL,0.05000019073486328,24,-0.09987868392604053,OPTIMAL,0.0,0,-0.08683750187953912,OPTIMAL,0.0,2,-0.0919959632132498,OPTIMAL,0.0,0,-0.11441593950719813,OPTIMAL,0.019999980926513672,1,-0.09674784240465292
CLCN5,OPTIMAL,0.0,2,-0.12531365403080422,CUT_LIMIT,0.03699994087219238,100,,OPTIMAL,0.2670001983642578,0,-0.19201935981524754,OPTIMAL,5.3460001945495605,39,-0.19201935981524754,OPTIMAL,0.0,2,-0.12522025131730197,OPTIMAL,0.3340001106262207,3,-0.151052046245723,OPTIMAL,0.0,0,-0.14825322477199757,OPTIMAL,0.0,0,-0.14825322477199757,OPTIMAL,0.0,0,-0.09915230972886557,OPTIMAL,0.03000020980834961,95,-0.09915230972886557,OPTIMAL,0.0,0,-0.11719646933311824,OPTIMAL,0.05500006675720215,34,-0.11719646933311824,OPTIMAL,0.0,0,-0.09915230972886557,OPTIMAL,0.0,4,-0.11966801676280664,INFEASIBLE,0.03400015830993652,0,,INFEASIBLE,0.03600001335144043,0,
CLEC14A,OPTIMAL,0.0,2,-0.09429639199369919,OPTIMAL,0.07000017166137695,93,-0.11249193325910792,OPTIMAL,0.006000041961669922,0,-0.14185590080714675,OPTIMAL,0.06300020217895508,46,-0.14185590080714675,OPTIMAL,0.013000011444091797,2,-0.09429639199369919,OPTIMAL,0.01699995994567871,5,-0.20118011329919802,OPTIMAL,0.0,0,-0.17507914613942313,OPTIMAL,0.014999866485595703,1,-0.1524716675557019,OPTIMAL,0.0,1,-0.08427018654417515,CUT_LIMIT,0.014999628067016602,100,,OPTIMAL,0.21300005912780762,1,-0.10180241507271919,OPTIMAL,0.370999813079834,51,-0.10180241507271919,OPTIMAL,0.0,0,-0.08427018654417515,OPTIMAL,0.004000186920166016,3,-0.08666700752179982,TIME_LIMIT,30.005000114440918,0,,TIME_LIMIT,30.003999948501587,0,
CLU,OPTIMAL,0.002000093460083008,1,-0.1433234023282887,CUT_LIMIT,0.0670006275177002,100,,OPTIMAL,0.25999999046325684,0,-0.4016485662004913,OPTIMAL,3.1549999713897705,51,-0.4016485662004913,OPTIMAL,0.0,2,-0.1433234023282887,OPTIMAL,0.010999917984008789,3,-0.1553023584728805,OPTIMAL,0.8050000667572021,0,-0.47206003659296375,TIME_LIMIT,30.986000299453735,2,,INFEASIBLE,0.002000093460083008,0,,INFEASIBLE,0.0,0,,INFEASIBLE,0.003000020980834961,0,,INFEASIBLE,0.006999969482421875,0,,INFEASIBLE,0.0,0,,INFEASIBLE,0.0,0,,INFEASIBLE,0.006000041961669922,0,,INFEASIBLE,0.0,0,
CNKSR3,OPTIMAL,0.016000032424926758,0,-0.10365955604105075,CUT_LIMIT,0.03300023078918457,100,,OPTIMAL,0.0,0,-0.2026158485199127,OPTIMAL,0.09800004959106445,36,-0.2026158485199127,OPTIMAL,0.015000104904174805,2,-0.12696765649846908,OPTIMAL,0.015000104904174805,3,-0.1328707083855314,OPTIMAL,0.0,0,-0.16383255406641087,OPTIMAL,0.0,0,-0.16383255406641087,INFEASIBLE,0.0,0,,INFEASIBLE,0.0,0,,INFEASIBLE,0.0,0,,INFEASIBLE,0.0019998550415039062,0,,INFEASIBLE,0.004999876022338867,0,,INFEASIBLE,0.003000020980834961,0,,INFEASIBLE,0.010999917984008789,0,,INFEASIBLE,0.0,0,
CNPY4,OPTIMAL,0.0,0,-0.13412150863269176,CUT_LIMIT,0.06799983978271484,100,,OPTIMAL,0.42999982833862305,0,-0.2590391978520636,OPTIMAL,9.898000001907349,58,-0.2590391978520636,OPTIMAL,0.003999948501586914,0,-0.13412150863269176,OPTIMAL,0.032000064849853516,3,-0.19714212786317667,OPTIMAL,0.3119997978210449,0,-0.2557848279502153,OPTIMAL,0.3149998188018799,0,-0.2557848279502153,OPTIMAL,0.0,0,-0.11918542036383414,CUT_LIMIT,0.037999868392944336,100,,OPTIMAL,0.0,0,-0.15720599573199606,OPTIMAL,0.04499983787536621,32,-0.15720599573199606,OPTIMAL,0.0,0,-0.11918542036383414,OPTIMAL,0.0,2,-0.1461892634211425,TIME_LIMIT,30.005000114440918,0,,TIME_LIMIT,30.002000093460083,0,
CRELD1,OPTIMAL,0.00800013542175293,4,-0.08483692383164858,CUT_LIMIT,0.026999950408935547,100,,OPTIMAL,0.0,0,-0.11249286986960934,OPTIMAL,0.11500000953674316,59,-0.11249286986960934,OPTIMAL,0.02500009536743164,4,-0.08483692383164858,OPTIMAL,0.005000114440917969,6,-0.08932129450063163,OPTIMAL,0.0,0,-0.16226860666112922,OPTIMAL,0.037000179290771484,1,-0.20631552038468484,OPTIMAL,0.002000093460083008,0,-0.05216226692635677,OPTIMAL,0.06099987030029297,95,-0.05216226692635677,OPTIMAL,0.01699995994567871,0,-0.06185313327024531,OPTIMAL,0.06999993324279785,43,-0.06185313327024531,OPTIMAL,0.0,0,-0.05216226692635677,OPTIMAL,0.016000032424926758,2,-0.0580682924884745,OPTIMAL,0.33299994468688965,0,-0.04885886430513768,OPTIMAL,5.766000270843506,11,-0.05433478507818428
CSAD,OPTIMAL,0.002000093460083008,0,-0.10065618992448606,CUT_LIMIT,0.020000219345092773,100,,OPTIMAL,0.08800005912780762,1,-0.14944521403826747,OPTIMAL,0.10099983215332031,28,-0.14944521403826747,OPTIMAL,0.0,0,-0.10065618992448606,OPTIMAL,0.016000032424926758,3,-0.126622095992642,OPTIMAL,0.009999990463256836,1,-0.2118965703701725,OPTIMAL,0.05900001525878906,5,-0.29823642769970143,OPTIMAL,0.0,0,-0.09548222801300113,CUT_LIMIT,0.04399991035461426,100,,OPTIMAL,0.012999773025512695,0,-0.1011751758732519,OPTIMAL,0.06199979782104492,44,-0.1011751758732519,OPTIMAL,0.0,0,-0.09548222801300113,OPTIMAL,0.0,3,-0.10944729671540215,INFEASIBLE,0.5390000343322754,0,,INFEASIBLE,0.5499999523162842,0,
CSRNP1,OPTIMAL,0.01699995994567871,2,-0.08736020327686216,OPTIMAL,0.048999786376953125,79,-0.08736020327686216,OPTIMAL,0.004000186920166016,0,-0.10636136234419838,OPTIMAL,0.0559999942779541,38,-0.10636136234419838,OPTIMAL,0.016000032424926758,2,-0.08736020327686216,OPTIMAL,0.01900005340576172,8,-0.11824364802975999,OPTIMAL,0.003000020980834961,0,-0.24145918945685557,OPTIMAL,0.40599989891052246,1,-0.12155477289421096,OPTIMAL,0.0,0,-0.08068206431320525,CUT_LIMIT,0.023000478744506836,100,,OPTIMAL,0.0,0,-0.08689951043133932,OPTIMAL,0.0540003776550293,33,-0.08689951043133932,OPTIMAL,0.0,0,-0.08068206431320525,OPTIMAL,0.0009999275207519531,3,-0.0840829485593814,TIME_LIMIT,30.003999948501587,0,,TIME_LIMIT,30.00600004196167,0,
CTHRC1,OPTIMAL,0.0,2,-0.1284601290188149,CUT_LIMIT,0.06800007820129395,100,,OPTIMAL,0.22499990463256836,0,-0.3113507033940006,OPTIMAL,4.538000822067261,56,-0.3113507033940006,OPTIMAL,0.0,2,-0.1069298045478852,OPTIMAL,0.015000104904174805,5,-0.16222435300499846,OPTIMAL,0.0,0,-0.2860011244389484,OPTIMAL,0.016000032424926758,1,-0.22852925354202197,OPTIMAL,0.0,0,-0.10326074750001532,OPTIMAL,0.06299948692321777,98,-0.10326074750001532,OPTIMAL,0.003000020980834961,0,-0.12840976657329448,OPTIMAL,0.07500028610229492,46,-0.12840976657329448,OPTIMAL,0.0,0,-0.10326074750001532,OPTIMAL,0.00599980354309082,2,-0.1108451027217743,INFEASIBLE,0.03600001335144043,0,,INFEASIBLE,0.04500007629394531,0,
CUL7,OPTIMAL,0.0,2,-0.11608107660928484,CUT_LIMIT,0.018000125885009766,100,,OPTIMAL,0.7160000801086426,3,-0.46854172772809555,OPTIMAL,6.685999870300293,59,-0.46854172772809555,OPTIMAL,0.019999980926513672,2,-0.11608107660928484,OPTIMAL,0.039999961853027344,4,-0.2015783667836011,OPTIMAL,0.568000078201294,1,-0.26946857707202615,OPTIMAL,1.2679998874664307,2,-0.2779792378439691,OPTIMAL,0.0030002593994140625,1,-0.09024050832793705,CUT_LIMIT,0.039999961853027344,100,,OPTIMAL,1.4739999771118164,0,-0.1495544390863651,OPTIMAL,26.062999725341797,60,-0.1495544390863651,OPTIMAL,0.0,0,-0.09024050832793705,OPTIMAL,0.01699995994567871,3,-0.10150968240429704,INFEASIBLE,0.004000186920166016,0,,INFEASIBLE,0.006000041961669922,0,
CXCL1,OPTIMAL,0.0,0,-0.1307738504183772,CUT_LIMIT,0.08099985122680664,100,,OPTIMAL,0.009000062942504883,0,-0.40098023145440786,OPTIMAL,0.0970001220703125,59,-0.40098023145440786,OPTIMAL,0.0,1,-0.1307738504183772,OPTIMAL,0.0009999275207519531,3,-0.1307738504183772,OPTIMAL,0.016000032424926758,1,-0.503747621256273,OPTIMAL,0.437000036239624,1,-0.298236327016397,OPTIMAL,0.0,0,-0.10183344854327465,CUT_LIMIT,0.3430006504058838,100,,OPTIMAL,0.019999980926513672,0,-0.1671571988281826,OPTIMAL,0.059999942779541016,28,-0.1671571988281826,OPTIMAL,0.0,1,-0.10183344854327465,OPTIMAL,0.0029997825622558594,4,-0.11347442165087494,INFEASIBLE,0.1659998893737793,0,,INFEASIBLE,0.18899989128112793,0,
CYB561D1,OPTIMAL,0.0,0,-0.09747581770054878,OPTIMAL,0.057000160217285156,90,-0.11810571550294337,OPTIMAL,0.0,0,-0.0966578089606203,OPTIMAL,0.06800007820129395,29,-0.0966578089606203,OPTIMAL,0.00599980354309082,0,-0.09269757981404649,OPTIMAL,0.2610001564025879,3,-0.12931362405923638,OPTIMAL,0.0010001659393310547,0,-0.29943680839925085,OPTIMAL,0.25300002098083496,1,-0.17420475997623788,OPTIMAL,0.003000020980834961,0,-0.09283638771152632,CUT_LIMIT,0.05700039863586426,100,,OPTIMAL,0.0019998550415039062,0,-0.09076814848263823,OPTIMAL,0.05200028419494629,24,-0.09076814848263823,OPTIMAL,0.0,0,-0.09155469762431054,OPTIMAL,0.0,2,-0.09956613008272258,TIME_LIMIT,30.00599980354309,0,,TIME_LIMIT,30.00599980354309,0,
DBF4B,INFEASIBLE,0.0,0,,INFEASIBLE,0.0,0,,INFEASIBLE,0.0,0,,INFEASIBLE,0.0,0,,INFEASIBLE,0.015000104904174805,0,,INFEASIBLE,0.0,0,,INFEASIBLE,0.0,0,,INFEASIBLE,0.0,0,,INFEASIBLE,0.0009999275207519531,0,,INFEASIBLE,0.0,0,,INFEASIBLE,0.0,0,,INFEASIBLE,0.0,0,,INFEASIBLE,0.0,0,,INFEASIBLE,0.0,0,,INFEASIBLE,0.0,0,,INFEASIBLE,0.0,0,
DCHS1,OPTIMAL,0.010999917984008789,0,-0.05764422548640001,CUT_LIMIT,0.06000018119812012,100,,OPTIMAL,0.016000032424926758,0,-0.06782672919918034,OPTIMAL,0.27300000190734863,40,-0.06782672919918034,OPTIMAL,0.015000104904174805,3,-0.07489038585980973,OPTIMAL,0.01900029182434082,5,-0.08165983481920236,OPTIMAL,0.0,0,-0.5774998043681885,TIME_LIMIT,30.004000186920166,3,,OPTIMAL,0.0,0,-0.05271598129382949,OPTIMAL,0.06000018119812012,81,-0.055547276973149005,OPTIMAL,0.6830000877380371,1,-0.061539421692370755,OPTIMAL,0.9119999408721924,36,-0.061539421692370755,OPTIMAL,0.0,0,-0.052320546313473784,OPTIMAL,0.0,3,-0.05985658028353204,INFEASIBLE,0.0,0,,INFEASIBLE,0.015999794006347656,0,
DECR2,OPTIMAL,0.0,0,-0.1187546853182407,CUT_LIMIT,0.06199979782104492,100,,OPTIMAL,0.0,0,-0.24923176007961373,OPTIMAL,0.10299992561340332,62,-0.24923176007961373,OPTIMAL,0.004999876022338867,2,-0.1187546853182407,OPTIMAL,0.01699995994567871,4,-0.1570970354407623,OPTIMAL,0.016000032424926758,0,-0.23654830097295423,OPTIMAL,0.9670000076293945,3,-0.2395322578050839,INFEASIBLE,0.002000093460083008,0,,INFEASIBLE,0.003000020980834961,0,,INFEASIBLE,0.0,0,,INFEASIBLE,0.0,0,,INFEASIBLE,0.0,0,,INFEASIBLE,0.003999948501586914,0,,INFEASIBLE,0.0,0,,INFEASIBLE,0.004999876022338867,0,
DEDD2,OPTIMAL,0.0009999275207519531,3,-0.11606541336685293,CUT_LIMIT,0.03900003433227539,100,,OPTIMAL,0.0,0,-0.11306443172178529,OPTIMAL,0.08100032806396484,52,-0.11306443172178529,OPTIMAL,0.012000083923339844,2,-0.0893851225904484,OPTIMAL,0.0010001659393310547,3,-0.0893851225904484,OPTIMAL,0.016000032424926758,0,-0.27461633257505585,OPTIMAL,0.08299994468688965,4,-0.46227891093342843,OPTIMAL,0.0,0,-0.08591027432374103,CUT_LIMIT,0.059000492095947266,100,,OPTIMAL,0.01699995994567871,0,-0.08292241299253826,OPTIMAL,0.0710000991821289,37,-0.08292241299253826,OPTIMAL,0.0,0,-0.08591027432374103,OPTIMAL,0.020999908447265625,4,-0.09779019214259571,OPTIMAL,0.014999866485595703,0,-0.12749349419643985,OPTIMAL,0.003999948501586914,2,-0.10659721847378945
DENND1A,OPTIMAL,0.0,0,-0.10668708886874428,CUT_LIMIT,0.10199999809265137,100,,OPTIMAL,0.020999908447265625,0,-0.22281488890050474,OPTIMAL,0.33499979972839355,29,-0.22281488890050474,OPTIMAL,0.014999866485595703,2,-0.19396168182825022,OPTIMAL,0.0,3,-0.12628071164359556,OPTIMAL,0.012000083923339844,0,-0.18150491197074467,OPTIMAL,0.0,0,-0.18150491197074467,INFEASIBLE,0.0,0,,INFEASIBLE,0.003000020980834961,0,,INFEASIBLE,0.0,0,,INFEASIBLE,0.003000020980834961,0,,INFEASIBLE,0.0,0,,INFEASIBLE,0.0,0,,INFEASIBLE,0.0,0,,INFEASIBLE,0.0,0,
DET1,OPTIMAL,0.0,0,-0.11397337321664143,CUT_LIMIT,0.02500009536743164,100,,OPTIMAL,0.016000032424926758,1,-0.1932497352651779,OPTIMAL,0.0819997787475586,39,-0.1932497352651779,OPTIMAL,0.0,0,-0.11397337321664143,OPTIMAL,0.015999794006347656,4,-0.1363185357894427,OPTIMAL,0.014999866485595703,2,-0.15943723296870513,OPTIMAL,0.04999995231628418,3,-0.16969105383170371,OPTIMAL,0.0,0,-0.10355758751286052,CUT_LIMIT,0.04499959945678711,100,,OPTIMAL,0.002000093460083008,1,-0.11713097946992194,OPTIMAL,0.12199950218200684,45,-0.11713097946992194,OPTIMAL,0.0,0,-0.10355758751286052,OPTIMAL,0.0,3,-0.12262365229528147,OPTIMAL,0.0,1,-0.12459574185372312,OPTIMAL,0.0,2,-0.13104054139865126
DNAJB5,OPTIMAL,0.002000093460083008,0,-0.11131203912659218,CUT_LIMIT,0.06500005722045898,100,,OPTIMAL,0.17100000381469727,0,-0.4289033465940185,OPTIMAL,9.215999364852905,47,-0.4289033465940185,OPTIMAL,0.013000011444091797,2,-0.10884509448341824,OPTIMAL,0.016000032424926758,3,-0.11995155237112441,OPTIMAL,0.0,0,-0.4122587284906516,OPTIMAL,0.0009999275207519531,1,-0.26962847175252747,OPTIMAL,0.016000032424926758,0,-0.10555326673948176,CUT_LIMIT,0.0410001277923584,100,,OPTIMAL,0.01100015640258789,0,-0.1016149611110606,OPTIMAL,0.04500007629394531,24,-0.1016149611110606,OPTIMAL,0.0019998550415039062,0,-0.10418573727709983,OPTIMAL,0.0009999275207519531,3,-0.10969649741817838,TIME_LIMIT,30.00599980354309,0,,TIME_LIMIT,30.002999782562256,0,
DNAJC14,OPTIMAL,0.0,0,-0.05639275453618816,OPTIMAL,0.015000104904174805,92,-0.08173590016874002,OPTIMAL,0.0,0,-0.07141225524632158,OPTIMAL,0.08500003814697266,51,-0.07141225524632158,OPTIMAL,0.0,3,-0.05140314670093267,OPTIMAL,0.02200007438659668,5,-0.10067192171569198,OPTIMAL,0.0,0,-0.2573025718630049,OPTIMAL,0.004999876022338867,0,-0.2573025718630049,OPTIMAL,0.0,0,-0.04555650032034892,CUT_LIMIT,0.08100032806396484,100,,OPTIMAL,0.013000011444091797,1,-0.05518232653873848,OPTIMAL,0.44700002670288086,49,-0.05518232653873848,OPTIMAL,0.0,0,-0.04450369631211452,OPTIMAL,0.016000032424926758,3,-0.05154652696312403,INFEASIBLE,0.0,0,,INFEASIBLE,0.0,0,
DNAJC5,OPTIMAL,0.0,0,-0.22271447532593622,CUT_LIMIT,2.7039999961853027,100,,OPTIMAL,0.4180002212524414,1,-0.386309968179268,OPTIMAL,1.428999900817871,53,-0.386309968179268,OPTIMAL,0.003000020980834961,0,-0.22271447532593622,OPTIMAL,0.016000032424926758,4,-0.2544913576950957,OPTIMAL,1.122999668121338,4,-0.5003242421634155,OPTIMAL,0.8819999694824219,2,-0.30539649634288657,INFEASIBLE,0.002000093460083008,0,,INFEASIBLE,0.0,0,,INFEASIBLE,0.0029997825622558594,0,,INFEASIBLE,0.0,0,,INFEASIBLE,0.0,0,,INFEASIBLE,0.0,0,,INFEASIBLE,0.0,0,,INFEASIBLE,0.0070002079010009766,0,
DNAJC7,OPTIMAL,0.0,0,-0.2026392767506671,CUT_LIMIT,0.06800031661987305,100,,OPTIMAL,0.5379998683929443,1,-0.7592166000709863,OPTIMAL,2.9850001335144043,69,-0.7646874952220446,OPTIMAL,0.0,0,-0.2026392767506671,OPTIMAL,1.61899995803833,6,-0.3161405933749494,OPTIMAL,0.5940001010894775,1,-0.28081153872165626,OPTIMAL,1.2630000114440918,2,-0.2821050682920432,OPTIMAL,0.0,1,-0.2020807933491133,CUT_LIMIT,0.03099989891052246,100,,OPTIMAL,0.0,0,-0.30038408674517475,OPTIMAL,0.1119999885559082,79,-0.30038408674517475,OPTIMAL,0.0,0,-0.19279679274111744,OPTIMAL,0.003999948501586914,3,-0.21211821437473755,INFEASIBLE,0.021000146865844727,0,,INFEASIBLE,0.009999990463256836,0,
DOK4,OPTIMAL,0.006999969482421875,3,-0.06805269909640853,OPTIMAL,0.04200029373168945,95,-0.06805269909640853,OPTIMAL,0.0989999771118164,1,-0.17950542797912133,OPTIMAL,4.205000400543213,63,-0.6204133886336949,OPTIMAL,0.014999866485595703,4,-0.09007727160241809,OPTIMAL,0.015999794006347656,3,-0.062308187239043245,OPTIMAL,0.0,0,-0.23707249496552585,OPTIMAL,0.05500006675720215,1,-0.31263095458627493,INFEASIBLE,0.01699995994567871,0,,INFEASIBLE,0.004999876022338867,0,,INFEASIBLE,0.03099989891052246,0,,INFEASIBLE,0.03000020980834961,0,,INFEASIBLE,0.02700018882751465,0,,INFEASIBLE,0.023000001907348633,0,,INFEASIBLE,0.0009999275207519531,0,,INFEASIBLE,0.0,0,
DPH2,OPTIMAL,0.003000020980834961,2,-0.15696737493442425,CUT_LIMIT,0.06800007820129395,100,,OPTIMAL,0.016000032424926758,0,-0.49773131097679846,OPTIMAL,0.06600022315979004,52,-0.49773131097679846,OPTIMAL,0.0,0,-0.12338235593611306,OPTIMAL,0.0,4,-0.14507790805542126,OPTIMAL,0.0019998550415039062,0,-0.7114008773082043,OPTIMAL,2.4149999618530273,5,-0.527591934953693,INFEASIBLE,0.005000114440917969,0,,INFEASIBLE,0.0,0,,INFEASIBLE,0.0,0,,INFEASIBLE,0.0,0,,INFEASIBLE,0.0,0,,INFEASIBLE,0.0,0,,INFEASIBLE,0.016000032424926758,0,,INFEASIBLE,0.0,0,
DTX3,OPTIMAL,0.006999969482421875,2,-0.09602189473937904,CUT_LIMIT,0.05200028419494629,100,,OPTIMAL,0.0,0,-0.10594764154317071,OPTIMAL,0.0540003776550293,25,-0.10594764154317071,OPTIMAL,0.00800013542175293,2,-0.09602189473937904,OPTIMAL,0.02500009536743164,2,-0.13857384383018662,OPTIMAL,0.0,0,-0.1734020335279946,OPTIMAL,0.01699995994567871,0,-0.1734020335279946,OPTIMAL,0.0,0,-0.08568414953441643,OPTIMAL,0.0560002326965332,88,-0.08568414953441643,OPTIMAL,0.0,0,-0.08534666819924273,OPTIMAL,0.051000118255615234,32,-0.08534666819924273,OPTIMAL,0.0,0,-0.08533967932477503,OPTIMAL,0.016000032424926758,4,-0.09769359716600139,OPTIMAL,0.0,0,-0.11968882747272823,OPTIMAL,0.010999917984008789,1,-0.11968882747272823
DTX3L,OPTIMAL,0.0010001659393310547,0,-0.12201757516838967,CUT_LIMIT,0.048999786376953125,100,,OPTIMAL,0.0,0,-0.26512111845285324,OPTIMAL,0.0969998836517334,67,-0.26512111845285324,OPTIMAL,0.0,2,-0.1508805818175585,OPTIMAL,0.016000032424926758,5,-0.1817551165056252,OPTIMAL,0.0,0,-0.29987444141160147,OPTIMAL,0.01699995994567871,2,-0.23620696271405303,OPTIMAL,0.0,0,-0.1102227952448223,CUT_LIMIT,0.05900001525878906,100,,OPTIMAL,0.002000093460083008,0,-0.13571812478922407,OPTIMAL,0.031000375747680664,47,-0.13571812478922407,OPTIMAL,0.016000032424926758,0,-0.1102227952448223,OPTIMAL,0.016000032424926758,3,-0.11820670543848705,TIME_LIMIT,30.000999927520752,0,,TIME_LIMIT,30.002000093460083,0,
E2F2,OPTIMAL,0.016000032424926758,0,-0.10113715999181994,CUT_LIMIT,0.04399991035461426,100,,OPTIMAL,0.47099995613098145,0,-0.1694457242553034,OPTIMAL,4.819999933242798,46,-0.1694457242553034,OPTIMAL,0.009999990463256836,2,-0.09967671577998251,OPTIMAL,0.0,3,-0.10648672516745494,OPTIMAL,0.0,0,-0.3845577282210675,OPTIMAL,0.015999794006347656,1,-0.23298820596501263,OPTIMAL,0.0010001659393310547,0,-0.09582872080284043,CUT_LIMIT,0.06099963188171387,100,,OPTIMAL,0.48200011253356934,0,-0.1057272835101145,OPTIMAL,10.814000129699707,42,-0.1057272835101145,OPTIMAL,0.01399993896484375,0,-0.09582872080284043,OPTIMAL,0.0030002593994140625,4,-0.10598091663966101,INFEASIBLE,0.0,0,,INFEASIBLE,0.0,0,
ECHDC2,OPTIMAL,0.03099989891052246,2,-0.07826272000292467,OPTIMAL,0.17799997329711914,87,-0.07826272000292467,OPTIMAL,0.2569999694824219,0,-0.0975315576679964,OPTIMAL,5.31000018119812,55,-0.0975315576679964,OPTIMAL,0.03399991989135742,2,-0.08654024274479527,OPTIMAL,0.21900010108947754,3,-0.11148680304852712,OPTIMAL,0.016000032424926758,0,-0.3861066270055844,OPTIMAL,0.0,2,-0.31341071769857975,OPTIMAL,0.01699995994567871,1,-0.0798954812670556,CUT_LIMIT,0.07399940490722656,100,,OPTIMAL,0.0,0,-0.08128653320898158,OPTIMAL,0.09400033950805664,38,-0.08128653320898158,OPTIMAL,0.016000032424926758,0,-0.07940112837155858,OPTIMAL,0.04399991035461426,3,-0.0847381248613013,OPTIMAL,0.0,0,-0.12240673160560962,OPTIMAL,0.0,1,-0.10480636581593059
EDC3,OPTIMAL,0.003000020980834961,0,-0.13062664811556746,CUT_LIMIT,0.1119999885559082,100,,OPTIMAL,0.6140000820159912,0,-0.35491297611636036,OPTIMAL,7.259000062942505,51,-0.35491297611636036,OPTIMAL,0.015000104904174805,2,-0.13062664811556746,OPTIMAL,0.026999950408935547,4,-0.16823210066131733,OPTIMAL,0.7310001850128174,0,-0.23332171629224713,OPTIMAL,1.933000087738037,2,-0.20038034790770168,OPTIMAL,0.0009999275207519531,0,-0.11470618321377214,CUT_LIMIT,0.08199930191040039,100,,OPTIMAL,0.4509999752044678,0,-0.14675924507613092,OPTIMAL,5.391000032424927,36,-0.14675924507613092,OPTIMAL,0.0,0,-0.11470618321377214,OPTIMAL,0.016000032424926758,2,-0.1252622459980227,TIME_LIMIT,30.002000093460083,0,,TIME_LIMIT,30.00599980354309,0,
ENPP4,INFEASIBLE,0.0,0,,INFEASIBLE,0.0,0,,INFEASIBLE,0.0,0,,INFEASIBLE,0.0,0,,INFEASIBLE,0.0,0,,INFEASIBLE,0.0,0,,INFEASIBLE,0.0,0,,INFEASIBLE,0.0,0,,INFEASIBLE,0.0010001659393310547,0,,INFEASIBLE,0.0,0,,INFEASIBLE,0.0009999275207519531,0,,INFEASIBLE,0.0,0,,INFEASIBLE,0.0,0,,INFEASIBLE,0.0,0,,INFEASIBLE,0.002000093460083008,0,,INFEASIBLE,0.0,0,
FADD,OPTIMAL,0.01900005340576172,3,-0.09043346965474726,OPTIMAL,1.442000150680542,61,-0.4102351527396169,OPTIMAL,0.0,0,-0.07198925659411104,OPTIMAL,0.0859994888305664,61,-0.07198925659411104,OPTIMAL,0.07599997520446777,0,-0.40560894232224604,OPTIMAL,0.1119999885559082,1,-0.40560894232224604,OPTIMAL,0.0,0,-0.21731984258469303,OPTIMAL,0.28099989891052246,3,-0.17465119629957415,OPTIMAL,0.011999845504760742,0,-0.06527538659105836,OPTIMAL,0.09100008010864258,96,-0.07146133932780542,OPTIMAL,0.0,0,-0.06380709330057384,OPTIMAL,0.06299996376037598,45,-0.06380709330057384,OPTIMAL,0.0,0,-0.06390637743722284,OPTIMAL,0.020999670028686523,3,-0.07592537053897097,OPTIMAL,0.0,0,-0.11479493109746235,OPTIMAL,0.03299999237060547,1,-0.09275085395414258
FAM217B,OPTIMAL,0.0,0,-0.1395969280957184,CUT_LIMIT,0.06100010871887207,100,,OPTIMAL,0.0019998550415039062,0,-0.39138332344260307,OPTIMAL,0.08300018310546875,69,-0.39138332344260307,OPTIMAL,0.014999866485595703,2,-0.1395969280957184,OPTIMAL,0.003000020980834961,2,-0.1395969280957184,OPTIMAL,0.07399988174438477,0,-0.22933788412271305,OPTIMAL,0.49899983406066895,2,-0.3155565690670808,INFEASIBLE,0.0,0,,INFEASIBLE,0.0,0,,INFEASIBLE,0.0,0,,INFEASIBLE,0.01699995994567871,0,,INFEASIBLE,0.004000186920166016,0,,INFEASIBLE,0.0,0,,INFEASIBLE,0.01699995994567871,0,,INFEASIBLE,0.0,0,
FBF1,OPTIMAL,0.01699995994567871,3,-0.06243583905900904,CUT_LIMIT,0.029000282287597656,100,,OPTIMAL,0.06100010871887207,3,-0.2705140338469869,OPTIMAL,0.13499951362609863,35,-0.14661448786835252,OPTIMAL,0.012000083923339844,3,-0.06243583905900904,OPTIMAL,0.0,4,-0.07996529864140199,OPTIMAL,0.0,1,-0.37057088340206684,OPTIMAL,0.015000104904174805,2,-0.3346402505052988,OPTIMAL,0.0019998550415039062,0,-0.05241737395592257,OPTIMAL,0.08800029754638672,98,-0.05955589403186952,OPTIMAL,0.0,0,-0.054367559444807805,OPTIMAL,0.06599998474121094,51,-0.054367559444807805,OPTIMAL,0.0,0,-0.05241737395592257,OPTIMAL,0.002000093460083008,2,-0.059350308501560096,INFEASIBLE,0.0,0,,INFEASIBLE,0.016000032424926758,0,
FBXL6,OPTIMAL,0.0,1,-0.1038942042068652,CUT_LIMIT,0.07599949836730957,100,,OPTIMAL,0.002000093460083008,0,-0.20027559907179682,OPTIMAL,0.06699991226196289,33,-0.20027559907179682,OPTIMAL,0.023000001907348633,2,-0.10349340730439048,OPTIMAL,0.010999917984008789,3,-0.13322088019503478,OPTIMAL,0.0,0,-0.24619432261027263,OPTIMAL,1.184000015258789,3,-0.2716796669923675,INFEASIBLE,0.0,0,,INFEASIBLE,0.0,0,,INFEASIBLE,0.01699995994567871,0,,INFEASIBLE,0.01699995994567871,0,,INFEASIBLE,0.015999794006347656,0,,INFEASIBLE,0.0019998550415039062,0,,INFEASIBLE,0.0,0,,INFEASIBLE,0.006999969482421875,0,
FBXO10,OPTIMAL,0.0,3,-0.048718871431931446,OPTIMAL,0.01699995994567871,71,-0.048718871431931446,OPTIMAL,0.08000040054321289,3,-0.12043686344987654,OPTIMAL,0.17299985885620117,39,-0.17517818973590663,OPTIMAL,0.0,4,-0.05936822133911516,OPTIMAL,0.014999866485595703,6,-0.07728442779687776,OPTIMAL,0.0,0,-0.379837764591541,OPTIMAL,0.02500009536743164,2,-0.36808096735947204,OPTIMAL,0.0,0,-0.04903642222100032,CUT_LIMIT,0.051000356674194336,100,,OPTIMAL,0.3280000686645508,1,-0.06323334639557736,OPTIMAL,0.42799997329711914,44,-0.06323334639557736,OPTIMAL,0.003000020980834961,0,-0.047994215619917416,OPTIMAL,0.002000093460083008,4,-0.052176775366589476,INFEASIBLE,0.04900002479553223,0,,INFEASIBLE,0.08299994468688965,0,
FBXO32,OPTIMAL,0.04800009727478027,3,-0.06864104928345292,OPTIMAL,0.12400007247924805,93,-0.06864104928345292,OPTIMAL,0.003999948501586914,0,-0.04706344996106167,OPTIMAL,0.1119999885559082,53,-0.04706344996106167,OPTIMAL,1.1400001049041748,6,-0.5163810953291583,OPTIMAL,0.8930001258850098,9,-0.09997231197744566,OPTIMAL,0.0,0,-0.23811581069226917,OPTIMAL,0.029999971389770508,3,-0.21108174839190189,OPTIMAL,0.002000093460083008,0,-0.05329198061865534,OPTIMAL,0.05800032615661621,82,-0.05329198061865534,OPTIMAL,0.3190000057220459,1,-0.056416230859250675,OPTIMAL,0.35199999809265137,29,-0.056416230859250675,OPTIMAL,0.0,0,-0.051084414201525305,OPTIMAL,0.006999969482421875,3,-0.06759669111003325,OPTIMAL,0.1809999942779541,0,-0.1218036222344131,OPTIMAL,0.24200010299682617,1,-0.0828254286716905
FOXN3,OPTIMAL,0.0,1,-0.15216667380346102,CUT_LIMIT,0.03099989891052246,100,,OPTIMAL,0.6130001544952393,1,-0.3820988570481455,TOTAL_TIME_LIMIT,30.094000101089478,40,,OPTIMAL,0.012000083923339844,2,-0.15216667380346102,OPTIMAL,0.0029997825622558594,3,-0.16112937621035034,OPTIMAL,0.0,0,-0.4062085402641441,OPTIMAL,0.2649998664855957,1,-0.21827668671442682,OPTIMAL,0.0,0,-0.12387218702347867,CUT_LIMIT,0.5909996032714844,100,,OPTIMAL,0.3100001811981201,3,-0.15148031171982876,OPTIMAL,0.42100000381469727,60,-0.15148031171982876,OPTIMAL,0.0,0,-0.12387218702347867,OPTIMAL,0.017999887466430664,3,-0.12616055514687893,TIME_LIMIT,30.00499987602234,0,,TIME_LIMIT,30.003000020980835,0,
FRAS1,OPTIMAL,0.003999948501586914,1,-0.12448744519513923,CUT_LIMIT,0.0030002593994140625,100,,OPTIMAL,0.01399993896484375,0,-0.5707495621671642,OPTIMAL,0.05799984931945801,61,-0.5707495621671642,OPTIMAL,0.0,2,-0.12448744519513923,OPTIMAL,0.01399993896484375,3,-0.12487591666523015,OPTIMAL,0.317000150680542,0,-0.1459120912790561,OPTIMAL,2.1600000858306885,3,-0.17837189003407805,INFEASIBLE,0.0,0,,INFEASIBLE,0.003000020980834961,0,,INFEASIBLE,0.021000146865844727,0,,INFEASIBLE,0.0,0,,INFEASIBLE,0.0,0,,INFEASIBLE,0.017000198364257812,0,,INFEASIBLE,0.005000114440917969,0,,INFEASIBLE,0.0,0,
GAS1,OPTIMAL,0.0019998550415039062,0,-0.14721275405185955,CUT_LIMIT,0.06800007820129395,100,,OPTIMAL,0.0,0,-0.2549222083500125,OPTIMAL,0.07200002670288086,57,-0.2549222083500125,OPTIMAL,0.37400007247924805,2,-0.17518112409022352,OPTIMAL,0.3379998207092285,4,-0.17144677269325634,OPTIMAL,0.4330000877380371,0,-0.2510153721349648,OPTIMAL,1.7250001430511475,5,-0.25483242457904165,OPTIMAL,0.0019998550415039062,0,-0.12867287099478047,CUT_LIMIT,0.09300065040588379,100,,OPTIMAL,0.0,0,-0.1530503702615762,OPTIMAL,0.03699994087219238,51,-0.1530503702615762,OPTIMAL,0.0,0,-0.12867287099478047,OPTIMAL,0.016000032424926758,4,-0.14823780793732508,INFEASIBLE,0.0,0,,INFEASIBLE,0.0009999275207519531,0,
GAS8,INFEASIBLE,0.0,0,,INFEASIBLE,0.0,0,,INFEASIBLE,0.0,0,,INFEASIBLE,0.0,0,,INFEASIBLE,0.0,0,,INFEASIBLE,0.0,0,,INFEASIBLE,0.0,0,,INFEASIBLE,0.0,0,,INFEASIBLE,0.0,0,,INFEASIBLE,0.0,0,,INFEASIBLE,0.0,0,,INFEASIBLE,0.0,0,,INFEASIBLE,0.0,0,,INFEASIBLE,0.0,0,,INFEASIBLE,0.0,0,,INFEASIBLE,0.0,0,
GGACT,OPTIMAL,0.0,0,-0.07959346913802055,CUT_LIMIT,0.056000471115112305,100,,OPTIMAL,0.0,0,-0.08242616837757531,OPTIMAL,0.05499982833862305,32,-0.08242616837757531,OPTIMAL,0.016000032424926758,3,-0.07959346913802055,OPTIMAL,0.016000032424926758,6,-0.11390380214107676,OPTIMAL,0.0,0,-0.243379709118978,OPTIMAL,0.031000137329101562,3,-0.3244633581248945,OPTIMAL,0.0,0,-0.06847267348284469,CUT_LIMIT,0.06999993324279785,100,,OPTIMAL,0.0,0,-0.06775826108579037,OPTIMAL,0.046000003814697266,28,-0.06775826108579037,OPTIMAL,0.0019998550415039062,0,-0.06847267348284469,OPTIMAL,0.014999866485595703,2,-0.07630587855504814,OPTIMAL,0.0,0,-0.09819201166827919,OPTIMAL,0.01100015640258789,1,-0.08033928251554233
GGT5,OPTIMAL,0.0,3,-0.08735806900675665,OPTIMAL,0.05899953842163086,83,-0.08735806900675665,OPTIMAL,0.0,0,-0.07120347498870583,OPTIMAL,0.05200004577636719,36,-0.07120347498870583,OPTIMAL,0.016000032424926758,3,-0.08298485559825089,OPTIMAL,0.016000032424926758,5,-0.07984305255387679,OPTIMAL,0.016000032424926758,0,-0.3277928803034295,OPTIMAL,0.021000146865844727,3,-0.29198794499996916,OPTIMAL,0.003000020980834961,0,-0.05690684965356954,CUT_LIMIT,0.06799983978271484,100,,OPTIMAL,0.0,0,-0.056744600103018975,OPTIMAL,0.06800031661987305,29,-0.056744600103018975,OPTIMAL,0.0,0,-0.05674221284761375,OPTIMAL,0.003999948501586914,3,-0.06395206806964801,OPTIMAL,0.0,0,-0.0756946957008331,OPTIMAL,0.003000020980834961,1,-0.07052514505214268
GSTA4,OPTIMAL,0.002000093460083008,0,-0.11786026848138675,CUT_LIMIT,0.05300021171569824,100,,OPTIMAL,0.0,1,-0.21365967588133267,OPTIMAL,0.06099987030029297,46,-0.21365967588133267,OPTIMAL,0.0,0,-0.11786026848138675,OPTIMAL,0.018999576568603516,4,-0.12761352898656286,OPTIMAL,0.5910000801086426,1,-0.19650224123104737,OPTIMAL,1.2170002460479736,3,-0.18878524585903553,OPTIMAL,0.0,0,-0.10926264018158888,CUT_LIMIT,0.09500002861022949,100,,OPTIMAL,0.0,0,-0.13321136276339993,OPTIMAL,0.06999993324279785,34,-0.13321136276339993,OPTIMAL,0.0,0,-0.10926264018158888,OPTIMAL,0.01699995994567871,3,-0.12412463569587624,TIME_LIMIT,30.001999855041504,0,,TIME_LIMIT,30.003000020980835,0,
GSTCD,OPTIMAL,0.015999794006347656,0,-0.1319164828802499,CUT_LIMIT,0.06599998474121094,100,,OPTIMAL,0.0,0,-0.27459384431581196,OPTIMAL,0.06999993324279785,51,-0.27459384431581196,OPTIMAL,0.0,2,-0.15657095062089674,OPTIMAL,0.0,3,-0.1532788901013434,OPTIMAL,0.0,0,-0.3132698836431597,OPTIMAL,0.007999897003173828,1,-0.1911332072368208,OPTIMAL,0.0,0,-0.1293441131241267,CUT_LIMIT,0.0279998779296875,100,,OPTIMAL,0.026000022888183594,0,-0.17363110312141886,OPTIMAL,0.31999969482421875,31,-0.17363110312141886,OPTIMAL,0.016000032424926758,0,-0.1293441131241267,OPTIMAL,0.0,3,-0.14463672895317753,TIME_LIMIT,30.005000114440918,0,,TIME_LIMIT,30.000999927520752,0,
GXYLT1,OPTIMAL,0.0,0,-0.167920075059608,CUT_LIMIT,0.0429995059967041,100,,OPTIMAL,0.4549999237060547,0,-0.9425151684713708,OPTIMAL,4.706999778747559,65,-0.9425151684713708,OPTIMAL,0.0,2,-0.19952185973818357,OPTIMAL,0.008999824523925781,4,-0.16676415574583928,OPTIMAL,0.24199986457824707,1,-0.24911695045672888,OPTIMAL,0.25099992752075195,1,-0.24911695045672888,INFEASIBLE,0.003999948501586914,0,,INFEASIBLE,0.003000020980834961,0,,INFEASIBLE,0.0009999275207519531,0,,INFEASIBLE,0.012000083923339844,0,,INFEASIBLE,0.004000186920166016,0,,INFEASIBLE,0.0,0,,INFEASIBLE,0.006000041961669922,0,,INFEASIBLE,0.013000011444091797,0,
HARS2,OPTIMAL,0.0009999275207519531,0,-0.1377747929818732,CUT_LIMIT,0.09999966621398926,100,,OPTIMAL,0.018000125885009766,0,-0.4832097251781212,OPTIMAL,0.06399989128112793,62,-0.4832097251781212,OPTIMAL,0.0,0,-0.1377747929818732,OPTIMAL,0.01100015640258789,3,-0.17585956847922501,OPTIMAL,0.14800000190734863,1,-0.22866713132183492,OPTIMAL,2.0290000438690186,5,-0.2136239509367146,INFEASIBLE,0.0,0,,INFEASIBLE,0.016000032424926758,0,,INFEASIBLE,0.003999948501586914,0,,INFEASIBLE,0.02200007438659668,0,,INFEASIBLE,0.016000032424926758,0,,INFEASIBLE,0.0,0,,INFEASIBLE,0.0,0,,INFEASIBLE,0.009000062942504883,0,
HEATR5A,OPTIMAL,0.0,1,-0.13829544024583515,CUT_LIMIT,0.06300020217895508,100,,OPTIMAL,0.6359999179840088,0,-0.37721257962074956,OPTIMAL,9.298999786376953,57,-0.37721257962074956,OPTIMAL,0.017000198364257812,2,-0.13829544024583515,OPTIMAL,0.0,3,-0.16715903138780666,OPTIMAL,0.0,0,-0.34815638134521343,OPTIMAL,0.6840000152587891,2,-0.17370930460020848,INFEASIBLE,0.003000020980834961,0,,INFEASIBLE,0.0,0,,INFEASIBLE,0.0019998550415039062,0,,INFEASIBLE,0.01699995994567871,0,,INFEASIBLE,0.016000032424926758,0,,INFEASIBLE,0.0,0,,INFEASIBLE,0.003999948501586914,0,,INFEASIBLE,0.003999948501586914,0,
HEXA,OPTIMAL,0.004999876022338867,3,-0.12202457671172788,OPTIMAL,0.045999765396118164,97,-0.12202457671172788,OPTIMAL,0.01699995994567871,0,-0.28327259009134514,OPTIMAL,0.37200045585632324,70,-0.28327259009134514,OPTIMAL,0.16700005531311035,3,-0.14732819309196316,OPTIMAL,0.18199992179870605,4,-0.12021326814734283,OPTIMAL,0.0,0,-0.3450399221307412,OPTIMAL,1.2020001411437988,6,-0.15120661934453014,OPTIMAL,0.002000093460083008,0,-0.08122336252541235,CUT_LIMIT,0.04700016975402832,100,,OPTIMAL,0.01699995994567871,0,-0.10459298312301481,OPTIMAL,0.04900002479553223,26,-0.10459298312301481,OPTIMAL,0.0,0,-0.08122336252541235,OPTIMAL,0.005000114440917969,2,-0.08379848951525357,OPTIMAL,0.0,0,-0.1395083717214819,OPTIMAL,0.0,1,-0.12244021089211198
HMOX1,OPTIMAL,0.002000093460083008,3,-0.07542945480599189,OPTIMAL,0.03300023078918457,44,-0.07286153519313336,OPTIMAL,0.0,1,-0.05875395652334437,OPTIMAL,0.13300061225891113,42,-0.05875395652334437,OPTIMAL,0.0,2,-0.05005182776573885,OPTIMAL,0.016000032424926758,3,-0.06111527775646899,OPTIMAL,0.015999794006347656,0,-0.2419319385198332,OPTIMAL,0.020999908447265625,2,-0.3434644785154718,OPTIMAL,0.0,0,-0.06102818425751387,OPTIMAL,0.07399940490722656,80,-0.06526002192579325,OPTIMAL,0.0,1,-0.06868402652889005,OPTIMAL,0.07599997520446777,52,-0.06868402652889005,OPTIMAL,0.0,0,-0.05965488507478131,OPTIMAL,0.0,3,-0.06683144307411837,OPTIMAL,0.012000083923339844,0,-0.09153815541925732,OPTIMAL,0.4070000648498535,4,-0.0941359195785339
HOMER2,OPTIMAL,0.002000093460083008,0,-0.13880169560150782,CUT_LIMIT,0.04799962043762207,100,,OPTIMAL,0.015000104904174805,0,-0.20604264515068113,OPTIMAL,0.06499981880187988,43,-0.20604264515068113,OPTIMAL,0.0,0,-0.13880169560150782,OPTIMAL,0.0,2,-0.16312958488360332,OPTIMAL,0.015999794006347656,0,-0.257042226063316,OPTIMAL,0.016000032424926758,2,-0.29573752508622575,OPTIMAL,0.0,0,-0.12407998439079601,CUT_LIMIT,0.039999961853027344,100,,OPTIMAL,0.0,0,-0.13796244919271408,OPTIMAL,0.0540003776550293,28,-0.13796244919271408,OPTIMAL,0.0010001659393310547,0,-0.12407998439079601,OPTIMAL,0.016000032424926758,2,-0.1306675310847191,INFEASIBLE,0.07200002670288086,0,,INFEASIBLE,0.1119999885559082,0,
HOXA9,OPTIMAL,0.016000032424926758,2,-0.07945710961138121,OPTIMAL,0.05200004577636719,94,-0.07945710961138121,OPTIMAL,0.2390000820159912,0,-0.11456810408227967,OPTIMAL,5.2769999504089355,61,-0.11456810408227967,OPTIMAL,0.004999876022338867,2,-0.07945710961138121,OPTIMAL,0.015999794006347656,6,-0.1010784570146095,OPTIMAL,0.0,0,-0.1676821770789539,OPTIMAL,0.0,0,-0.1676821770789539,OPTIMAL,0.0019998550415039062,0,-0.07494612414357883,CUT_LIMIT,0.06300020217895508,100,,OPTIMAL,0.0,0,-0.07950086202557256,OPTIMAL,0.07399964332580566,36,-0.07950086202557256,OPTIMAL,0.002000093460083008,0,-0.07494612414357883,OPTIMAL,0.019999980926513672,3,-0.07944802244166636,OPTIMAL,0.0,0,-0.11734156329149402,OPTIMAL,0.004999876022338867,1,-0.08085269332455679
HOXC6,OPTIMAL,0.015000104904174805,0,-0.10788597660267378,CUT_LIMIT,0.1289994716644287,100,,OPTIMAL,0.15600013732910156,1,-0.4763524300572484,OPTIMAL,0.26600003242492676,53,-0.4763524300572484,OPTIMAL,0.03500008583068848,2,-0.10788597660267378,OPTIMAL,0.04199981689453125,3,-0.12072721986877974,TIME_LIMIT,30.005000114440918,0,,TIME_LIMIT,30.003000020980835,0,,INFEASIBLE,0.04999995231628418,0,,INFEASIBLE,0.05200004577636719,0,,TIME_LIMIT,30.003000020980835,0,,TIME_LIMIT,30.002999782562256,0,,INFEASIBLE,0.04499983787536621,0,,INFEASIBLE,0.0410001277923584,0,,INFEASIBLE,0.0,0,,INFEASIBLE,0.016000032424926758,0,
HOXC8,OPTIMAL,0.016000032424926758,1,-0.18002149181447255,CUT_LIMIT,0.062000274658203125,100,,OPTIMAL,0.564000129699707,2,-0.9029712994175382,CUT_LIMIT,0.09500002861022949,100,,OPTIMAL,0.01900005340576172,0,-0.18002149181447255,OPTIMAL,0.015000104904174805,4,-0.20018702605638014,OPTIMAL,1.0969998836517334,0,-0.40389056980021126,OPTIMAL,2.132999897003174,2,-0.24793309121940435,OPTIMAL,0.010999917984008789,0,-0.15324564131025628,CUT_LIMIT,0.12799978256225586,100,,OPTIMAL,0.0,0,-0.2742520009535705,OPTIMAL,0.07399964332580566,78,-0.2742520009535705,OPTIMAL,0.0,0,-0.15324564131025628,OPTIMAL,0.04800009727478027,7,-0.11487590262329543,TIME_LIMIT,30.005000114440918,0,,TIME_LIMIT,30.00499987602234,0,
HSDL1,OPTIMAL,0.002000093460083008,0,-0.10421061578815098,CUT_LIMIT,0.05200004577636719,100,,OPTIMAL,0.3530001640319824,1,-0.20787380939526356,OPTIMAL,0.4200000762939453,51,-0.20787380939526356,OPTIMAL,0.016000032424926758,2,-0.10421061578815098,OPTIMAL,0.01900005340576172,4,-0.11456484825610803,OPTIMAL,0.0,0,-0.2876863708230749,OPTIMAL,0.01699995994567871,1,-0.21526030127643617,OPTIMAL,0.009999990463256836,0,-0.09247943633695177,CUT_LIMIT,0.04999995231628418,100,,OPTIMAL,0.0,0,-0.09178839538833959,OPTIMAL,0.07600045204162598,39,-0.09178839538833959,OPTIMAL,0.0,0,-0.09247943633695177,OPTIMAL,0.010999917984008789,2,-0.09790686059349572,INFEASIBLE,0.01699995994567871,0,,INFEASIBLE,0.023999929428100586,0,
HSPA12B,OPTIMAL,0.003999948501586914,2,-0.08311434244053514,OPTIMAL,0.01699995994567871,78,-0.08311434244053514,OPTIMAL,0.026000022888183594,0,-0.06925103767487562,OPTIMAL,0.2999999523162842,28,-0.06925103767487562,OPTIMAL,0.01100015640258789,2,-0.07717136921798147,OPTIMAL,0.016000032424926758,3,-0.10654250844266545,OPTIMAL,0.0,0,-0.3259994517705928,OPTIMAL,0.01900005340576172,1,-0.32722829419688043,OPTIMAL,0.0,0,-0.0820945226771725,OPTIMAL,0.039999961853027344,80,-0.0820945226771725,OPTIMAL,0.023000001907348633,0,-0.07840538676226042,OPTIMAL,0.37800002098083496,31,-0.07840538676226042,OPTIMAL,0.0010001659393310547,0,-0.0814865013014355,OPTIMAL,0.016000032424926758,3,-0.0814865013014355,OPTIMAL,0.0,0,-0.12209893798177567,OPTIMAL,0.015000104904174805,2,-0.10905287858535197
HSPA4L,OPTIMAL,0.0,0,-0.08121403932690187,CUT_LIMIT,0.09800004959106445,100,,OPTIMAL,0.0,0,-0.08434685234955962,OPTIMAL,0.07000041007995605,34,-0.08434685234955962,OPTIMAL,0.0,2,-0.08121403932690187,OPTIMAL,0.023000001907348633,7,-0.13574955204140188,OPTIMAL,0.016000032424926758,2,-0.21703725972850152,OPTIMAL,0.017000198364257812,2,-0.21703725972850152,OPTIMAL,0.0,0,-0.07241165098867151,CUT_LIMIT,0.07300019264221191,100,,OPTIMAL,0.0,0,-0.07135541074424247,OPTIMAL,0.032999515533447266,30,-0.07135541074424247,OPTIMAL,0.002000093460083008,0,-0.07241165098867151,OPTIMAL,0.0,2,-0.07873525758079257,INFEASIBLE,0.49000000953674316,0,,INFEASIBLE,0.45399999618530273,0,
ICA1L,OPTIMAL,0.0010001659393310547,0,-0.1090958605642199,CUT_LIMIT,0.046000003814697266,100,,OPTIMAL,0.2070000171661377,1,-0.45033335147937226,OPTIMAL,0.28099989891052246,49,-0.45033335147937226,OPTIMAL,0.0,2,-0.1090958605642199,OPTIMAL,0.007999897003173828,5,-0.17590628897772406,OPTIMAL,0.0,0,-0.15142691648702955,OPTIMAL,0.03399991989135742,3,-0.2347308446275874,OPTIMAL,0.003999948501586914,0,-0.09696318602984284,OPTIMAL,0.08499932289123535,95,-0.09696318602984284,OPTIMAL,0.003000020980834961,0,-0.10241793163660057,OPTIMAL,0.06300020217895508,38,-0.10241793163660057,OPTIMAL,0.0,0,-0.09696318602984284,OPTIMAL,0.003000020980834961,3,-0.1120914617057161,TIME_LIMIT,30.005000114440918,0,,TIME_LIMIT,30.00600004196167,0,
IFT122,OPTIMAL,0.0,0,-0.09872466130048892,OPTIMAL,0.05900001525878906,92,-0.12898742620126727,OPTIMAL,0.0,0,-0.09858641728372056,OPTIMAL,0.06200003623962402,38,-0.09858641728372056,OPTIMAL,0.0,2,-0.0959960919555408,OPTIMAL,0.0279998779296875,3,-0.09681382774358678,OPTIMAL,0.0,0,-0.3979041337173123,OPTIMAL,0.0019998550415039062,1,-0.16978546413787496,OPTIMAL,0.0009999275207519531,0,-0.09402902441451903,OPTIMAL,0.06399989128112793,89,-0.09683374827184527,OPTIMAL,0.0,0,-0.09189096883221676,OPTIMAL,0.0429997444152832,29,-0.09189096883221676,OPTIMAL,0.002000093460083008,0,-0.09300455663388171,OPTIMAL,0.017000198364257812,3,-0.09675680292329895,TIME_LIMIT,30.003999948501587,0,,TIME_LIMIT,30.00499987602234,0,
IGF1R,OPTIMAL,0.003000020980834961,1,-0.1578673114130471,CUT_LIMIT,0.043999671936035156,100,,OPTIMAL,0.40199995040893555,1,-0.9499876489256353,OPTIMAL,2.948000192642212,72,-0.9499876489256353,OPTIMAL,0.0010001659393310547,2,-0.22980067581397276,OPTIMAL,0.019999980926513672,4,-0.16763963624066808,OPTIMAL,0.0,1,-0.18415728539256793,OPTIMAL,1.1140000820159912,2,-0.23135969214212598,INFEASIBLE,0.0,0,,INFEASIBLE,0.0029997825622558594,0,,INFEASIBLE,0.0,0,,INFEASIBLE,0.0,0,,INFEASIBLE,0.006000041961669922,0,,INFEASIBLE,0.003999948501586914,0,,INFEASIBLE,0.005000114440917969,0,,INFEASIBLE,0.00800013542175293,0,
IGFBP2,OPTIMAL,0.003000020980834961,0,-0.09370636385098008,OPTIMAL,0.0709996223449707,76,-0.1153073029729138,OPTIMAL,0.05299997329711914,1,-0.23962533938713151,OPTIMAL,0.8450000286102295,42,-0.23962533938713151,OPTIMAL,0.0,0,-0.08634444080222943,OPTIMAL,0.0019998550415039062,3,-0.12351852184437716,OPTIMAL,0.0,0,-0.30374814638374376,OPTIMAL,0.568000316619873,6,-0.1865162141619913,OPTIMAL,0.0,0,-0.09419392185517686,CUT_LIMIT,0.0839998722076416,100,,OPTIMAL,0.0,0,-0.08918105198249204,OPTIMAL,0.07599949836730957,32,-0.08918105198249204,OPTIMAL,0.0,0,-0.09328120746282087,OPTIMAL,0.00800013542175293,3,-0.09870544589195926,OPTIMAL,0.02200007438659668,0,-0.12111710627437101,OPTIMAL,0.06500005722045898,2,-0.11778042629537783
IGFBP3,OPTIMAL,0.0,0,-0.06399328495331089,CUT_LIMIT,0.81600022315979,100,,OPTIMAL,0.01100015640258789,0,-0.23328204665173904,OPTIMAL,0.2539997100830078,57,-0.23328204665173904,OPTIMAL,0.012000083923339844,3,-0.06399328495331089,OPTIMAL,0.11500000953674316,7,-0.21037648533047298,OPTIMAL,0.016000032424926758,2,-0.3473749463442591,OPTIMAL,0.10000014305114746,3,-0.43270239598876087,OPTIMAL,0.0019998550415039062,0,-0.04523776906547672,CUT_LIMIT,0.09499955177307129,100,,OPTIMAL,0.3969998359680176,1,-0.10656793800198794,OPTIMAL,3.6369996070861816,40,-0.10656793800198794,OPTIMAL,0.006999969482421875,3,-0.04523776906547672,OPTIMAL,2.194999933242798,14,-0.0535779318628942,INFEASIBLE,0.0,0,,INFEASIBLE,0.0,0,
IL6R,OPTIMAL,0.0,2,-0.14808418515673305,CUT_LIMIT,0.01999974250793457,100,,OPTIMAL,0.24599981307983398,0,-0.48778058146831144,OPTIMAL,2.955000400543213,56,-0.48778058146831144,OPTIMAL,0.01399993896484375,2,-0.15255382768971246,OPTIMAL,0.33299994468688965,3,-0.17335479710376064,OPTIMAL,0.0,0,-0.3226279715387563,OPTIMAL,1.0299999713897705,2,-0.17148907576113417,OPTIMAL,0.0,0,-0.10498312169561033,CUT_LIMIT,0.043999671936035156,100,,OPTIMAL,0.003999948501586914,0,-0.16897415676633373,OPTIMAL,0.08800029754638672,66,-0.16897415676633373,OPTIMAL,0.0,0,-0.10498312169561033,OPTIMAL,0.0,2,-0.11360593492454595,TIME_LIMIT,30.003999948501587,0,,TIME_LIMIT,30.003999948501587,0,
INO80C,OPTIMAL,0.0,0,-0.1361882260564463,CUT_LIMIT,0.03400015830993652,100,,OPTIMAL,0.23200011253356934,0,-0.3636004470196244,OPTIMAL,3.3989996910095215,51,-0.3636004470196244,OPTIMAL,0.002000093460083008,2,-0.1361882260564463,OPTIMAL,0.016000032424926758,3,-0.14555170532083586,OPTIMAL,0.0,0,-0.41638887220106346,OPTIMAL,0.012000083923339844,1,-0.1344329834228606,OPTIMAL,0.0,0,-0.13387026414032213,CUT_LIMIT,0.05200028419494629,100,,OPTIMAL,0.01900005340576172,0,-0.17564813659059703,OPTIMAL,0.08800005912780762,59,-0.17564813659059703,OPTIMAL,0.0,0,-0.13387026414032213,OPTIMAL,0.0,2,-0.1517889370112278,OPTIMAL,0.04700016975402832,0,-0.1671796363435979,TIME_LIMIT,33.08000040054321,13,
ITPKA,OPTIMAL,0.016000032424926758,2,-0.07730636371916111,OPTIMAL,0.06199979782104492,73,-0.07730636371916111,OPTIMAL,0.25999999046325684,0,-0.09802736670156513,OPTIMAL,1.9240002632141113,35,-0.09802736670156513,OPTIMAL,0.003999948501586914,0,-0.07015689844487485,OPTIMAL,0.37199997901916504,7,-0.10275498309115877,OPTIMAL,0.20199990272521973,0,-0.2917464832874097,OPTIMAL,0.24900007247924805,1,-0.24518564914070984,OPTIMAL,0.015000104904174805,0,-0.09725892580865227,OPTIMAL,0.30900025367736816,89,-0.09725892580865227,OPTIMAL,0.5709998607635498,1,-0.09131131698291314,OPTIMAL,0.6270003318786621,53,-0.09131131698291314,INFEASIBLE,0.0,0,,INFEASIBLE,0.0,0,,INFEASIBLE,0.0,0,,INFEASIBLE,0.009999990463256836,0,
ITPRIPL1,OPTIMAL,0.0,3,-0.11730163696928031,OPTIMAL,0.00599980354309082,92,-0.09148584987344613,OPTIMAL,0.3020000457763672,0,-0.18587819620341436,OPTIMAL,6.74399995803833,51,-0.18587819620341436,OPTIMAL,0.0,2,-0.09148584987344613,OPTIMAL,0.00800013542175293,5,-0.11872562954371296,OPTIMAL,0.016000032424926758,0,-0.34253329688855816,OPTIMAL,0.0,1,-0.17313533698877048,OPTIMAL,0.015999794006347656,0,-0.08347120072165884,CUT_LIMIT,0.05200004577636719,100,,OPTIMAL,0.014999866485595703,0,-0.10189979473912142,OPTIMAL,0.03800010681152344,38,-0.10189979473912142,OPTIMAL,0.0,0,-0.08347120072165884,OPTIMAL,0.0,3,-0.09132214102413193,TIME_LIMIT,30.000999927520752,0,,TIME_LIMIT,30.005000114440918,0,
KAT5,OPTIMAL,0.0060002803802490234,3,-0.06844761888700429,CUT_LIMIT,0.05099964141845703,100,,OPTIMAL,0.005000114440917969,0,-0.11490028111725391,OPTIMAL,0.042999982833862305,50,-0.11490028111725391,OPTIMAL,0.014999866485595703,3,-0.06844761888700429,OPTIMAL,0.016000032424926758,5,-0.09300997783358049,OPTIMAL,0.0,1,-0.4049186997203007,OPTIMAL,0.029999971389770508,3,-0.21425816958643948,OPTIMAL,0.0,0,-0.06418827240252563,CUT_LIMIT,0.2980003356933594,100,,OPTIMAL,0.34999990463256836,0,-0.07281504939040823,OPTIMAL,6.830999851226807,37,-0.07281504939040823,OPTIMAL,0.0,0,-0.06418827240252563,OPTIMAL,0.01699995994567871,3,-0.07212894492153783,OPTIMAL,0.0,0,-0.12449325416087777,OPTIMAL,0.0,0,-0.12449325416087777
KCTD6,OPTIMAL,0.0,0,-0.1205948630950239,OPTIMAL,0.06099987030029297,97,-0.1205948630950239,OPTIMAL,0.0,1,-0.17030413352861118,OPTIMAL,0.08699989318847656,37,-0.17030413352861118,OPTIMAL,0.0,2,-0.1205948630950239,OPTIMAL,0.1700000762939453,3,-0.17540912006143936,OPTIMAL,0.0,0,-0.30552722664721405,OPTIMAL,0.018000125885009766,2,-0.2385269063331247,INFEASIBLE,0.0,0,,INFEASIBLE,0.0,0,,INFEASIBLE,0.0,0,,INFEASIBLE,0.005000114440917969,0,,INFEASIBLE,0.0,0,,INFEASIBLE,0.003999948501586914,0,,INFEASIBLE,0.0,0,,INFEASIBLE,0.0,0,
KIAA1671,OPTIMAL,0.0,0,-0.09122831972712157,CUT_LIMIT,0.03600001335144043,100,,OPTIMAL,0.0,0,-0.12440327317163775,OPTIMAL,0.045999765396118164,38,-0.12440327317163775,OPTIMAL,0.016000032424926758,2,-0.11075335951714911,OPTIMAL,0.41499972343444824,3,-0.12206075121472879,OPTIMAL,0.0,0,-0.15266141095017505,OPTIMAL,0.012000083923339844,0,-0.15266141095017505,OPTIMAL,0.0,0,-0.07995523649804011,CUT_LIMIT,0.06600046157836914,100,,OPTIMAL,0.003000020980834961,0,-0.08897056882313689,OPTIMAL,0.05899930000305176,32,-0.08897056882313689,OPTIMAL,0.0,0,-0.07995523649804011,OPTIMAL,0.0,2,-0.08557805597313817,TIME_LIMIT,30.003999948501587,0,,TIME_LIMIT,30.004000186920166,0,
KIF13B,OPTIMAL,0.0,0,-0.09393700418550194,CUT_LIMIT,0.0559995174407959,100,,OPTIMAL,0.13499999046325684,1,-0.12133786433684586,OPTIMAL,0.20199966430664062,34,-0.12133786433684586,OPTIMAL,0.016000032424926758,2,-0.09393700418550194,OPTIMAL,0.014999866485595703,3,-0.1293277032941521,OPTIMAL,0.0,0,-0.1929078487320371,OPTIMAL,0.0,0,-0.1929078487320371,OPTIMAL,0.0019998550415039062,0,-0.07598085607779438,CUT_LIMIT,0.054000139236450195,100,,OPTIMAL,0.007999897003173828,0,-0.0765116582563021,OPTIMAL,0.06799983978271484,37,-0.0765116582563021,OPTIMAL,0.002000093460083008,0,-0.07598085607779438,OPTIMAL,0.0,2,-0.07926374386049224,OPTIMAL,0.0,0,-0.11368573845460056,OPTIMAL,0.007999897003173828,1,-0.11521863121530948
KIF3A,OPTIMAL,0.0,1,-0.13457737654569668,CUT_LIMIT,0.037999868392944336,100,,OPTIMAL,0.006000041961669922,0,-0.4231912217864369,OPTIMAL,0.04799985885620117,62,-0.4231912217864369,OPTIMAL,0.0,2,-0.13457737654569668,OPTIMAL,0.017000198364257812,3,-0.14048954042842157,OPTIMAL,0.6610000133514404,0,-0.1663498772684722,OPTIMAL,1.5039997100830078,4,-0.2456569730464302,OPTIMAL,0.017000198364257812,0,-0.12765610350872966,CUT_LIMIT,0.08199906349182129,100,,OPTIMAL,0.0019998550415039062,0,-0.20097275879495477,OPTIMAL,0.029999971389770508,25,-0.20097275879495477,OPTIMAL,0.0,0,-0.12765610350872966,OPTIMAL,0.018000125885009766,2,-0.13941619912154973,TIME_LIMIT,30.00600004196167,0,,TIME_LIMIT,30.00599980354309,0,
KLC2,OPTIMAL,0.00599980354309082,3,-0.10889816199883355,OPTIMAL,0.06399989128112793,91,-0.08343188776939092,OPTIMAL,0.020999908447265625,0,-0.17063692742551864,OPTIMAL,0.03600001335144043,51,-0.17063692742551864,OPTIMAL,0.0,0,-0.08343188776939092,OPTIMAL,0.01900005340576172,3,-0.09077592526894036,OPTIMAL,0.014999866485595703,0,-0.4129066513590688,OPTIMAL,0.2669999599456787,5,-0.3630614011863343,OPTIMAL,0.0,0,-0.06938236814973972,CUT_LIMIT,0.10200023651123047,100,,OPTIMAL,0.3510000705718994,0,-0.08503150618403332,OPTIMAL,6.9649999141693115,44,-0.08503150618403332,OPTIMAL,0.0,0,-0.06938236814973972,OPTIMAL,0.019999980926513672,2,-0.0720170111237401,OPTIMAL,0.006000041961669922,0,-0.11374130057480783,OPTIMAL,0.0409998893737793,1,-0.08402423615583711
