,MIR199A1_G1_d3_c95_corr_cut,MIR199A1_G1_d3_c95_corr_MOSEK,MIR199A1_G1_d3_c95_corr_HAR_min,MIR199A1_G1_d3_c95_corr_HAR_max,MIR199A1_G1_d3_c95_corr_RND_min,MIR199A1_G1_d3_c95_corr_RND_max,MIR199A1_G1_c95_corr_OB,MIR199A1_G1_c95_corr_OB_min,MIR199A1_G1_c95_corr_OB_max,MIR199A1_G1_c95_corr_AL,MIR199A1_G1_c95_corr_AL_min,MIR199A1_G1_c95_corr_AL_max,MIR199A1_S_d3_c95_corr_cut,MIR199A1_S_d3_c95_corr_MOSEK,MIR199A1_S_d3_c95_corr_HAR_min,MIR199A1_S_d3_c95_corr_HAR_max,MIR199A1_S_d3_c95_corr_RND_min,MIR199A1_S_d3_c95_corr_RND_max,MIR199A1_S_c95_corr_OB,MIR199A1_S_c95_corr_OB_min,MIR199A1_S_c95_corr_OB_max,MIR199A1_S_c95_corr_AL,MIR199A1_S_c95_corr_AL_min,MIR199A1_S_c95_corr_AL_max,MIR199A1_G2M_d3_c95_corr_cut,MIR199A1_G2M_d3_c95_corr_MOSEK,MIR199A1_G2M_d3_c95_corr_HAR_min,MIR199A1_G2M_d3_c95_corr_HAR_max,MIR199A1_G2M_d3_c95_corr_RND_min,MIR199A1_G2M_d3_c95_corr_RND_max,MIR199A1_G2M_c95_corr_OB,MIR199A1_G2M_c95_corr_OB_min,MIR199A1_G2M_c95_corr_OB_max,MIR199A1_G2M_c95_corr_AL,MIR199A1_G2M_c95_corr_AL_min,MIR199A1_G2M_c95_corr_AL_max
A4GALT,,-0.6327852903541111,-0.9997029500104991,-0.18312816315935349,-0.9999999916816411,0.9999862203414519,-0.049254363264459984,,,-0.07268838763840817,,,-0.1446518480936877,-0.5511891274828365,-0.5511891274828365,-0.5511891274828365,-0.9999999999840825,-0.08919632806141965,-0.04973755787489124,-0.0696066878951623,-0.031626606177840653,-0.08076989327315313,-0.14160576949600945,-0.048881407183290614,-0.07987893598837063,-0.007542257039316052,-0.998052486720011,0.3457918535363513,-0.9999999993409282,1.1276596546061197,0.06601197319571829,-0.05186362770404744,0.6068403465061833,0.05422901553560936,-0.09284558345938,0.5577584591694594
AAAS,,-0.6838583857541193,-0.6838583857541193,-0.6838583857541193,-0.9999999987418736,-0.00027646070061025776,-0.03495416728120975,,,-0.04816825557203078,,,-0.2005747940882138,-0.3328604972626653,-0.9818095446481432,0.989951553924678,-0.9999999573552067,0.9999997603208904,0.02091395188173262,-0.07872234137185236,0.297108689731163,-0.012185641348837279,-0.13731626949300102,0.4308927038383836,0.10871593805728139,0.010346442154328972,-0.23891460610305493,0.3386983234378599,-0.9999999885775657,0.9999999999505608,0.0971414863846432,-0.10241587968424366,0.29118593536028486,0.06802836826509584,-0.1563152172959653,0.2594575772734156
AACS,,-0.6094214293921336,-0.9998957993605896,-0.1649241757788856,-0.9999990117263549,0.9999976345587214,-0.042684055031026145,,,-0.06772900967778177,,,-0.30207567833488863,-0.4278826403197302,-0.9926049936533822,0.012572896000084302,-0.9999999993254629,0.17452415969582868,-0.07638782212634697,-0.13331954576727026,0.012373183028998092,-0.14107475303462702,-0.26120577858837446,-0.012955462683074855,-0.1640158035416608,-0.5606596401383338,-0.9984895868044907,-0.05396462927801407,-0.9999999982681341,0.08747975580667565,-0.053272602098276826,-0.08997808056403865,0.002578841799129289,-0.08872160602870557,-0.14119233811941195,-0.033234032714082075
AADAT,,-0.722797353112385,-0.722797353112385,-0.722797353112385,-0.9999999961986418,-0.00050759005468564,-0.06933813943555413,,,-0.09935609150693112,,,-0.20309176178337296,-0.25360834866143744,-0.9930041229215508,0.2056617871479771,-0.9999999957387252,0.999999945056841,-0.0011839251734374607,-0.09747605546508416,0.2651919841906306,-0.032972790479140375,-0.16795913367172374,0.20229824200280472,-0.1531062049440533,-0.7091058422222536,-0.99707818523149,-0.1846395927364943,-0.9999999997111133,-0.30330595018563106,-0.053953716223292474,-0.08441380814176046,-0.033947864134662616,-0.08446872584715466,-0.12500099566873768,-0.05066697915005199
AAGAB,,-0.5511623275784532,-0.9985931303523091,-0.30374510672815935,-0.9999999812166019,0.9473620142830541,-0.09477732080658192,,,-0.14120701071251776,,,-0.220676157266741,-0.28193072879078607,-0.9874418335485042,0.6806407623484868,-0.9999999865189494,0.9999999259678368,0.014738387110278622,-0.09484576555958987,0.24347187607100274,-0.020590403804065897,-0.18039400321039745,0.3177219715907783,-0.05784433840095144,-0.18700128894156304,-0.7349916067051648,0.08687467336183925,-0.9999999945596599,0.9999999976574419,0.03904354983833887,-0.07276239298709936,0.3679375655066934,0.008765599354738519,-0.0907707134549554,0.35830639327109537
AAK1,,-0.43677610789877486,-0.9992066449458011,0.005978161666802885,-0.9999999138634058,0.9999999996164068,0.25247261078554123,,,0.23805635568471692,,,-0.21642368235074938,-0.27527641445977186,-0.9975341370108501,0.8520256459253881,-0.9999997907775724,0.9999881880487781,0.021496919702282916,-0.08677364373480827,0.17979622909598136,-0.021304592740508686,-0.15327146222711838,0.20424515692033285,-0.2771916689639342,-0.3374881196040466,-0.9931537124729831,-0.029012209277637074,-0.9999999875099247,0.27126218945640623,-0.037886682591044316,-0.132819316241966,0.02169038564527082,-0.10982162757683742,-0.21941911585242213,-0.02445174081011884
AAMDC,,-0.6594325163253066,-0.9984829718154048,-0.27544241017239873,-0.9999999891463803,0.9995660120032804,-0.11334084381343458,-0.21676360408446002,0.00451379696197553,-0.1728442696844084,,,-0.23399993707819605,-0.3791401529596138,-0.993059747120555,0.3918887536994389,-0.9999999601890379,0.9999963128851006,-0.025920957162208054,-0.14090660954239959,0.07763743976796138,-0.08682100824115818,-0.2990772061087271,0.05348357229712897,-0.24597215020345806,-0.4765304795522717,-0.9961611462098359,-0.12660538795086093,-0.9999999907561494,0.024961418141166706,-0.09218904492779578,-0.1585625083178055,0.0016134086445898101,-0.15918688399063202,-0.25698272003403977,-0.003186613156427677
AAMP,,-0.5467041489243691,-0.9997171772285969,-0.14252699207959793,-1.1553951695414328,0.9999754619662748,-0.06551400406072369,,,-0.0973321815941929,-1.1167873488032414,0.7538488581413163,-0.04417408696132984,-0.3112690517448395,-0.9998939363684272,0.377302976339295,-0.9999999774557001,0.9999996632637617,0.035166723355596584,-0.0580640452369218,0.1375650711200753,-0.0025990103573790397,-0.14372622295629497,0.21035054322803126,-0.4804828436423668,-0.10861081755190323,-0.9976414588459032,0.23657025656974823,-0.9999999914570122,0.999999999652782,0.1060838401327269,-0.09238708952290138,0.2713098025768189,0.06536324121963852,-0.14114574008108885,0.2381055186656036
AAR2,,-0.5465177198620229,-0.9976579219836887,-0.1117872515071704,-0.9999999945098262,0.9998930077162483,-0.07556547961755809,,,-0.11257860861629428,-0.8199249177375315,0.6084554596493976,-0.22510361046381308,-0.21548932473379837,-0.9979481394124382,0.753715758360725,-0.9999999602209528,0.9999993902020013,0.03573506464960591,-0.08520211374326417,0.25702963291538483,0.004940253218561796,-0.13755947413382766,0.34860531894952157,-0.34241123234849796,-0.11290896860324466,-0.9570148721693793,0.1875356627949866,-0.9999999985131168,0.9999999995596693,0.17038378773503177,-0.014473333661742471,0.3816055450167972,0.14844871624080008,-0.09892157025855014,0.35846587774579863
AARS2,,-0.7168439176512098,-0.7168439176512098,-0.7168439176512098,-0.9999999999232866,-0.0003906551994851817,-0.04000432402313208,,,-0.05519287477506966,,,-0.17639426698906166,-0.36212270007757796,-0.9973812088921309,0.16317036016751565,-0.9999999872186093,0.9999999604481004,-0.03006335390872482,-0.08805330202968951,0.10116145312892183,-0.06430532701949561,-0.15147997024768564,0.1591376359282805,-0.160050112041398,-0.5897317352344161,-0.9979286577799557,-0.23482590184362062,-0.9999999995738977,-0.2728464433356933,-0.066878272619869,-0.09668362322259115,-0.04773781690497186,-0.10104440918520219,-0.1606875100987417,-0.07051966096454462
AASDH,,-0.5327924254785655,-0.5327924254785655,-0.5327924254785655,-0.9999983213100304,-1.1035839868528257e-10,-0.031649505838979894,,,-0.04429621887749493,,,-0.13588137565584135,-0.053151282794779486,-0.9809103544931519,0.9059510562683684,-0.9999999990430102,0.9999999956900393,0.04712095948775067,-0.053214724385809604,0.29681402304000837,0.03796349707024426,-0.10934474435057863,0.36770541310833965,-0.09107970330937615,-0.5101307774364574,-0.9987816285169734,0.09811027838997986,-0.9999999999760135,0.9999999969403625,0.003282998556825395,-0.044154309491514575,0.2047082865196722,-0.017062566905379235,-0.09750077831696324,0.18466289212097722
AASDHPPT,,-0.7196325038904692,-0.9996892114339627,-0.22471586827929385,-0.9999999961267801,0.9997493959278163,-0.058442692388406305,,,-0.0904722329337949,,,-0.2794469955913721,-0.46886729671022837,-0.46886729671022837,-0.46886729671022837,-0.9999999966858477,-0.4674747520871739,-0.11189036391985242,-0.1671948345816346,-0.07201498027859449,-0.1902538111281986,-0.3098252045857862,-0.11773021121431809,-0.08423102690288335,-0.3297704114172623,-0.999804267037057,0.2938110261696964,-0.9999999990316236,0.9999999938239993,0.02122346900793762,-0.04012209721794497,0.13808221310142182,-0.012350765139767975,-0.08937500676737772,0.09464431173881305
AASS,,-0.5240569950524923,-0.5240569950524923,-0.5240569950524923,,,-0.05024109443573684,,,-0.07291645989388362,-0.49108608504302853,-0.061661317852463655,-0.22278230203116692,-0.05488081664146084,-0.9812097837351079,0.8788570887893972,-0.9999999994411752,0.9999999973965928,0.09717292813183265,-0.08310570225940225,0.39753892021365067,0.09119280580756459,-0.13708321075202243,0.4964012859408175,-0.1074116566660058,-0.5846228504707404,-0.9987042417758808,-0.11962323331393655,-0.9999999999911655,0.2745761512874738,-0.035070520316830174,-0.0647923173780454,0.05438412913877449,-0.05894631025796779,-0.09999643200626063,-0.012907006386744772
AATF,,-0.44143703460330275,-0.9997510101123914,-0.0084731284578088,-0.9999997971810757,0.9999999998593245,0.1609295460865261,,,0.1378555409265783,,,-0.2597047958412678,-0.428403737898807,-0.9992048410919194,0.7901209400371181,-0.9999999944277335,0.5181877285234829,-0.01956988768825153,-0.10296602019220978,0.21249088566289848,-0.08180661252488265,-0.2713455276552046,0.19643861104595797,-1.0000002719690595,0.0026425356669753913,-0.8491107779697403,0.9196382013775644,-0.9999999894360627,0.9999999998385325,0.2782732089487642,-0.10227746793037448,0.5308543662301978,0.2595581011687982,-0.18033931663302966,0.5200956487589736
ABCA1,,-0.4884688820388514,-0.4884688820388514,-0.4884688820388514,-0.9999999974212757,-1.1360303478338006e-10,-0.027405301698921112,,,-0.039943254126756006,,,-0.1726090007124245,-0.26994597206096577,-0.9997379723664822,-0.03098514303283744,-0.9999999999518221,0.9999995084394175,-0.036398468850536075,-0.07236988764700285,0.0640134942735653,-0.06889451794410166,-0.1386697254122782,0.04394707303735046,-0.1246271885556194,-0.7223963948388966,-0.9990160313762855,-0.17933598555549468,-0.9999999994725327,-0.08888036751448826,-0.05000903372288141,-0.08198428717309172,-0.026965283624413305,-0.07660447218450568,-0.12548855021275604,-0.044870741227384166
ABCA5,,-0.6222399903599423,-0.9994390986749329,-0.14208910225643737,-0.9999997856007478,0.9999767013329931,-0.05382392088531716,,,-0.07695221242971372,,,-0.142887003130501,-0.5658779559134313,-0.9987457154211257,-0.174142129070636,-0.9999999999053197,-0.03697125167880665,-0.05495040387762124,-0.08780252012432092,-0.032158863051483286,-0.09101947278113606,-0.1489018182645941,-0.0584335099778848,-0.027117321363261462,0.13249066087359712,-0.9833799094392511,0.9997699211349349,-0.9999999984295641,1.007594399865718,0.1767281011155159,-0.051020116030608936,0.7927056997229633,0.16648494129147326,-0.08956529505708115,0.611658208821436
ABCA6,,-0.7029081488463171,-0.7029081488463171,-0.7029081488463171,-0.9999999997036868,-2.751031121659826e-05,-0.02865711083674985,,,-0.03920381615887627,,,-0.12253909608262749,-0.6323868380233942,-0.9984583541750706,-0.09490798071580922,-0.9999999999346345,-0.8797355892125124,-0.03855836400405631,-0.06949820927837347,-0.005509672852979661,-0.0636655489014376,-0.13899665254694718,-0.03786528523183187,-0.11149397877038345,-0.5484016488646218,-0.5484016488646218,-0.5484016488646218,-0.9999999996767143,-0.1114940769366435,-0.04516442868233101,-0.07017319825010727,-0.02814911838726792,-0.06755897741768586,-0.10708162263370083,-0.04565738219766351
ABCB10,,-0.36257962770803887,-0.9961808165497128,0.2753483271503986,-0.9999999971813919,0.9999999923501912,0.2666417647048516,-0.13950782773078127,0.6081243252740701,0.25967343763875406,-0.49920699040294314,0.5572355724490402,-0.2767207050533791,-0.2423220498336797,-0.9989382868625558,0.9383694881672445,-0.9999999705558702,0.9999998868915646,0.029712970988919132,-0.10757733552494503,0.15302428501818763,-0.008021370688469547,-0.22464866109417372,0.1493744262734911,-0.04229215971109901,0.017304073449319026,-0.5696063606408174,0.28909302026160416,-0.9999999955320757,0.9999999996771936,0.16149367220918434,-0.06297036989684143,0.5636176389467099,0.1441879809464313,-0.11286007274652089,0.5118984416465376
ABCB7,,-0.5726650549172685,-0.9994243197348581,-0.12008205400952367,-0.9999999990958326,0.9999991813535385,-0.059442725743490334,,,-0.09006645875229799,,,-0.16828076309322085,-0.4082503319266592,-0.9985491183269679,0.04250381013309175,-0.9999999988124122,0.9999999232498189,-0.029077627490581074,-0.07271787968089792,0.11902629391398074,-0.06241774814981658,-0.1318561061370531,0.18340579230692777,-0.1522551819655112,-0.46557747418948464,-0.9957584243320384,-0.019487370687774952,-0.9999999981581115,0.336057803795784,-0.04099953592253507,-0.07698075805253252,0.09019011376422496,-0.0716196688906021,-0.121565603589665,0.032201486856599765
ABCB8,,-0.632849107737211,-0.632849107737211,-0.632849107737211,-0.9999999998465111,-0.0025268414398122666,-0.047037252266210215,,,-0.06544943650073133,,,-0.186203788360442,-0.42733214241545586,-0.9912271121786439,-0.019614621584675362,-0.9999999972102638,-0.16733971039329354,-0.0566618720964164,-0.10186330738003999,-0.01483819862072128,-0.1023215210259643,-0.1814227340305526,-0.04768254276511582,0.09348848134206345,-0.11495395214422637,-0.9342395660373051,0.4627116947513366,-0.9999999951926427,0.9999999989320284,0.11525956232658868,-0.02842843145717786,0.275993032930785,0.0935533626452824,-0.06536113157003419,0.2993142610068468
ABCC1,,-0.6870212725295195,-0.6870212725295195,-0.6870212725295195,-0.9999999923790488,-0.0009980374471345375,-0.05156157947502874,,,-0.07143856769989046,,,-0.2355631735234708,-0.37562891653439034,-0.37562891653439034,-0.37562891653439034,-0.9999999586448897,-0.09440275461336321,-0.09566486691291248,-0.1417725856319656,-0.06079214513571094,-0.1589505988354482,-0.28370190580244403,-0.09850449443158472,-0.07959574693136708,-0.5193971706360473,-0.9996650539155244,0.19390177213096182,-0.999999999602132,0.9999998540940044,-0.014102305935212927,-0.05669316447670674,0.0812292543995608,-0.03754054926199399,-0.09389151909231085,0.03098202015056787
ABCC10,,-0.6300291406930019,-0.6300291406930019,-0.6300291406930019,-0.9999999995542455,-8.961242483343455e-05,-0.0327610535697781,,,-0.04519003332591607,-0.33010755752056675,-0.039100097697287686,-0.11430886652724935,-0.6257569973845672,-0.6257569973845672,-0.6257569973845672,-0.9999999999277968,-0.06552225163701254,-0.04045997107999503,-0.07214142759787615,-0.024940698602372587,-0.06516181095304134,-0.12009099814880625,-0.041649577507431014,-0.12033119113244681,-0.4623416593884389,-0.9999046833002678,-0.09978774583428043,-0.9999999994311848,0.9999996943646267,-0.017796500570713865,-0.058070809000693016,0.15772077306565543,-0.04034464866531689,-0.09133759170720494,0.13446034004914217
ABCC3,,-0.526833846238709,-0.526833846238709,-0.526833846238709,-0.9984486421288457,-3.278725226835059e-11,-0.027405301698921105,,,-0.03740997561607634,,,-0.12663615226225625,-0.5196586055278756,-0.5196586055278756,-0.5196586055278756,-0.9999999999508843,-0.27109999248796596,-0.03918856737440967,-0.06325479206793495,-0.020897903885229243,-0.06429242249216956,-0.4618560454750536,-0.03680966303733261,-0.06864451547676349,-0.37263664563889276,-0.37263664563889276,-0.37263664563889276,-0.9999999997808686,-0.9924222611275878,-0.023481162041754475,-0.048142565398044665,-0.017433093077388842,-0.03391911221410026,-0.07266464185550306,-0.024511408779976106
ABCC4,,-0.7319029897811723,-0.7319029897811723,-0.7319029897811723,-0.9999838892373456,-0.0006342465469170471,-0.06343467418334355,-0.12120805695603441,-0.044985600865981155,-0.08980592403996752,-0.2840769249387435,-0.07088160664993673,0.24700117019442955,-0.016731632566762522,-0.9805734510340716,0.9904953580283363,-0.9999999954093314,0.999999998462709,0.22467762614995296,-0.06839623155060438,0.5298480796245308,0.24239787591860498,-0.10646347761526204,0.8057443886048152,-0.36193452767433465,0.03512803674285126,-0.7346454084190399,0.40039500612624107,-0.9999999951491604,0.9999999998599688,0.24413064496909073,-0.05921206459612694,0.4466658085337842,0.22719440930814394,-0.10898448221453202,0.43882185343915825
ABCC5,,-0.5178281471268443,-0.9985832894793886,-0.26504018615286096,-0.9999999974417052,0.9628615572972826,-0.06612983241695096,-0.12126568879709115,-0.04113873813703698,-0.0938730992625635,,,-0.19744779886933314,0.12029662484087686,-0.32984815028359443,0.9667188232837792,-0.9999999724358332,0.9999999997984265,0.19335011825007187,-0.08694142993960804,0.5194880358004748,0.20875315558248134,,,-0.1144774165847253,-0.6823596229172354,-0.6823596229172354,-0.6823596229172354,-0.9999999996526419,-0.4444449404910686,-0.052290402531245096,-0.08387550220647419,-0.03598308871063336,-0.07718460438419267,-0.12864905095004253,-0.05898522732598811
ABCD1,,-0.5659922512696623,-0.5659922512696623,-0.5659922512696623,-0.9999991848107957,-8.525772256966532e-11,-0.03820824753871062,,,-0.05317457271400555,,,-0.10333306996283077,-0.31089178415808366,-0.31089178415808366,-0.31089178415808366,-1.0000000000679297,-0.9611067597399385,-0.03251969492613075,-0.0638288414185203,-0.022990574247207716,-0.05214644274037809,-0.13124678609397544,-0.03277472714998854,-0.08644832040199872,-0.41859242795625295,-0.41859242795625295,-0.41859242795625295,-0.999999999733977,-0.9990244955208473,-0.031051668577380186,-0.05366170061159284,-0.019008850139950254,-0.045830866079796445,-0.09165303369299674,-0.028432783511728135
ABCD3,,-0.5672238095033876,-0.9987052895787409,-0.23794196568791143,-0.9999999958075226,0.9999685631757553,-0.07431929406323645,-0.15001987415032023,-0.015278843739691447,-0.11009595616406768,,,-0.24980957454904978,-0.4601991368345498,-0.9828592936859719,-0.05871969218680774,-0.9999999491832007,-0.38398312823246183,-0.09699453986065207,-0.14389317770862242,-0.04507999643975013,-0.16793803406469893,-0.25220474101737356,-0.10235202306934026,-0.44792448716861183,0.08219477799674092,-0.34603124527200485,0.2915036510423849,-0.9999999929673369,0.9999999999398077,0.2589615548216983,-0.05789213909472701,0.5203525119107517,0.24231945218871115,-0.08971034494908237,0.4738616400840953
ABCD4,,-0.5414148867506958,-0.998324342068114,-0.2302524466827356,-0.9999999419350601,0.9830318371266762,-0.06218145920775471,-0.1370820596227599,-0.026901379493707793,-0.08840872682594796,,,-0.18810722491444973,-0.36269022542433427,-0.9989141020434574,-0.06478902573167854,-0.999999999218725,-0.5094755056462928,-0.06614330516152729,-0.10138215676815292,-0.02948722921759969,-0.11134638512317,-0.19231921540919245,-0.06336915929851021,-0.1266675908675512,-0.5607130520272104,-0.9996453000951864,-0.008766653504420657,-0.9999999997413345,0.9999999336917471,-0.02116266547587978,-0.06879823583958287,0.06906991512674548,-0.04699558749163925,-0.10073471059225898,0.25148674818473205
ABCE1,,-0.6340548793443785,-0.9982898996506541,-0.2567749128158416,-0.999999733690473,0.9164697716890513,-0.13113947697034348,,,-0.20587603759308654,,,0.25657165532738385,-0.20080590315777988,-0.9998566075629727,0.9506899529947052,-0.9999999937019541,0.9999999938604914,0.08448908089447486,-0.10781408424909536,0.28873161984828616,0.030707916881365996,-0.32055658847336715,0.33724464918408004,-0.10062704517829667,-0.39893992083431606,-0.9947001389745567,0.030761741826914792,-0.9999999961712689,0.8382267455684764,0.01853884738667248,-0.0505400812896324,0.09587127610182083,-0.055342347778248036,-0.16384442490063852,0.04279449662798664
ABCF1,,-0.7596591544813662,-0.9995374165970311,-0.25938874342986123,-0.9999929987428865,0.8239214650982285,-0.10947980672264636,,,-0.16203670598281225,,,-0.28303827773950674,-0.5002896820150954,-0.9812310484550727,0.10739354487779348,-0.999998959994735,0.9997602107841006,-0.052507012943251774,-0.1413533113745076,0.1694093661100134,-0.13268659198900332,-0.2978443945861984,0.2944729106656928,-0.1824790520814307,-0.540603412465456,-0.9903005412521548,-0.14767957800321052,-0.9999999876806052,0.6541904129467713,-0.08507197842816416,-0.15432295415498531,0.014834930094142721,-0.1793836048705972,-0.2868942488058778,-0.06243322480365263
ABCF2,,-0.7896892182121209,-0.9987241375582184,-0.22580710525248893,-0.9999998329468311,0.9776051491021318,-0.09484584901903301,,,-0.139673408280294,,,-0.04206969127628353,-0.3561537515280863,-0.9713858582544629,0.41826809465279285,-0.9999999703237794,0.9500209691183027,0.019760179461190835,,,-0.02476121478521894,-0.18128562114836222,0.14223786025853338,-0.39086310742530606,0.051462706847430324,-0.8627322794090265,0.8940450594771461,-0.9999999963886054,0.9999999999817863,0.3158433606669948,-0.07093474142718757,0.6466025172967773,0.30101418806966573,-0.1733539166945644,0.5992721174360437
ABCF3,,-0.48698161209864066,-0.995526308455825,0.007388180837056262,-0.9999995626126555,0.9999994984703056,0.06878067381552198,,,0.04601852958495313,,,-0.19742908939642687,-0.3689648310507661,-0.9945789635823119,0.2994296922124237,-0.9999999980288493,0.999999601124213,0.01327564368746767,-0.12285678417563625,0.27822768311820034,-0.017143840808342404,-0.1826986484283457,0.48964835400328854,-0.15177006135417845,-0.5113869017915776,-0.9992355354772184,-0.06236428763454369,-0.9999999983389188,0.49531501048662463,-0.04233935782015893,-0.08408012509249466,0.018975516254200298,-0.07568458214459156,-0.14631989705803083,-0.004131408060799558
ABCG1,,-0.34664155521641443,-0.9995072043811007,0.20184733988078,,,0.238098593580362,,,0.3571529340412909,,,-0.21548422891946545,-0.37211704456984207,-0.9973710621115212,0.5282360588856513,-0.999999998136829,0.9999999987383853,0.06952565318067616,-0.1099675527234553,0.21527177874968323,-0.0393307008995197,-0.7181350866666467,0.5588967033532365,-1.0000000007550118,-0.7156198300219825,-0.995590076519343,0.09541687715467644,,,0.141744365778102,-0.04134368589896282,0.2969338767322625,,,
ABHD10,,-0.6237269924216992,-0.9996945148987619,0.006778654134372939,,,-0.026552179659632472,-0.09152821998721516,0.7107936411297782,-0.055759036002392896,,,-0.17696742571357718,-0.46398579478014657,-0.46398579478014657,-0.46398579478014657,-0.9999999934449043,-0.34285910968550826,-0.08868915018818407,-0.136365830245943,-0.052571920911424624,-0.14644012050023267,-0.2518994511704872,-0.09558001824833463,-0.14149234086845391,-0.37406851199699037,-0.949881311652056,-0.13599107729509438,-0.999999997966505,-0.041149545768394226,-0.054508387189706166,-0.09009415422351796,-0.0214668110300385,-0.08583803183395598,-0.12986287654691606,-0.049320182040664184
ABHD11,,-0.5863533976497446,-0.998993201196044,-0.2192413989312428,-0.9999999830236356,0.99514464436598,-0.07193956069228016,,,-0.10369458361620838,-0.18995629687465007,0.8595528721208772,-0.19307873206699824,-0.47365085311530647,-0.47365085311530647,-0.47365085311530647,-0.999999924167689,-0.12002858296764292,-0.08229136267341933,-0.12959551232257197,-0.04909788192034826,-0.1348497720109574,-0.23017994372169095,-0.08735774199144052,-0.10764616769144703,-0.3498245023494829,-0.9975326587004879,0.05393808032878128,-0.9999999946531797,0.9999999125390069,-0.01997441162939703,-0.07439349043220285,0.06661724301994432,-0.04478223766302557,-0.10474466310679521,0.03290339705270059
ABHD12,,-0.4717636142866493,-0.9994064373086377,0.13439781720523375,-0.9999999996912434,0.9999999993704508,0.2169408456890382,,,0.20239046939084188,,,-0.2623399698981973,-0.48212610100508707,-0.9978848240006036,0.10137339485189899,-0.9999999833387255,0.22688925853087977,-0.058276178883206006,-0.14480006284800293,0.022663198412560714,-0.12256179981587362,-0.32403493771179304,-0.016935220199652847,-0.12443163253620161,-0.36153951086159336,-0.9500182088873528,-0.08319299767210891,-0.9999999983264131,0.05185843011356141,-0.04843450941460536,-0.1045647130494877,0.010822945099845518,-0.08827208300425486,-0.1790846095476249,-0.022257340244181682
ABHD13,,-0.6071620169827242,-0.6071620169827242,-0.6071620169827242,-0.999999999564599,-0.0008399688273046492,-0.05435479005058185,,,-0.07993799875675786,,,-0.1705867900316921,0.24575276395797643,-0.8736761212815967,0.7420048419212135,-0.9999999923894569,0.99999999995301,0.41641725219227677,-0.09120275809452244,0.7859652430196515,0.49236779083535,,,-0.10861523722488121,0.11678551414935537,-0.5395286740740596,0.9984045661705554,-0.9999999994356356,0.9999999995456816,0.29417229236228337,-0.05750013823067583,0.747606417603169,0.2867721671282404,-0.08399051066045274,0.6656238763440164
ABHD14B,,-0.5515742917270816,-0.9991561584841582,-0.29464911194745574,-0.9999999958441679,0.9999869998391542,-0.03902768479723879,,,-0.05382630821689328,,,-0.1574509783142339,-0.43127773358312854,-0.43127773358312854,-0.43127773358312854,-0.9999999955267269,-0.22272720433883067,-0.07529141033124843,-0.12238214903481619,-0.05085877134286709,-0.12336951380128772,-0.2104426990259667,-0.07578300884756675,-0.17634248693351934,-0.39430577907137915,-0.9993084156873173,-0.14309005938544248,-0.9999999930482767,-0.3369255173051918,-0.07351645630477861,-0.10684724131830324,-0.0520486480503735,-0.11106894964642243,-0.17732312115690832,-0.07126116612695736
ABHD15,,-0.6700954546844736,-0.6700954546844736,-0.6700954546844736,-0.9999999999839724,-0.0006440268410813656,-0.046984122071909704,,,-0.06658083660765411,,,-0.1807800480261671,-0.2940285353047989,-0.9966763219001928,0.26407706687789156,-0.9999999889438796,0.9999999119406905,-0.003667899925614124,-0.09406379871492589,0.18749494332249678,-0.03426533848080989,-0.16360661860386624,0.2718337265011408,0.062451932746898746,-0.02033845044045959,-0.9956412795159753,0.26640559015438803,-0.9999999983911524,0.9999999995741706,0.09623755351176769,-0.05045039271985987,0.33341016187097744,0.0780118989124824,-0.078927068926062,0.28980143028159827
ABHD17A,,-0.65827780969658,-0.65827780969658,-0.65827780969658,-0.9999999997284331,-0.00033305056673996224,-0.07145282529853858,,,-0.12357968773227215,,,-0.17784497834560575,-0.5048703900556741,-0.5048703900556741,-0.5048703900556741,-0.9999999999505851,-0.1643044530452953,-0.07151082002366697,-0.0971074128533501,-0.04622479044956287,-0.12009549372803,-0.2147096884691577,-0.07008769387585817,-0.08715466855466383,-0.7573594917640984,-0.9995999483703938,-0.2654098003451244,-0.9999999999278675,-0.4712019127445581,-0.04652040981698678,-0.09776358686230996,-0.026170175600941026,-0.07077528828503778,-0.14460740894253757,-0.053790253433776296
ABHD17B,,-0.49979540683913554,-0.49979540683913554,-0.49979540683913554,-1.0113164590529586,-1.2576220862993696e-10,-0.037775601468366955,,,-0.05541497292981645,,,-0.14234749599204655,-0.5094301134595427,-0.9946282368959759,-0.09642186555171925,-0.9999999976591577,-0.1377735109120602,-0.04481216474163589,-0.07728565960108053,-0.01593412470338343,-0.0752093643254655,-0.13425198835561755,-0.027054294507299764,-0.1065697599702966,-0.05721310381929448,-0.9822406417539009,0.30054902365069336,-0.9999999975770324,0.9999999981476403,0.0640252203062671,-0.06863655599356663,0.24326506326770925,0.04744005899390874,-0.09395886442930822,0.27952353443844746
ABHD17C,,-0.5805445409369809,-0.5805445409369809,-0.5805445409369809,-1.016363659949531,-2.518586721241191e-10,-0.04413596159093442,,,-0.06165957826049398,,,-0.14672340474792903,-0.6227651033861376,-0.6227651033861376,-0.6227651033861376,-0.9999999999365832,-0.06764654287781778,-0.053033418513740195,-0.08513815952041844,-0.03317583630100606,-0.08595855446563958,-0.15809896024290584,-0.05664637529276994,-0.1094860444637223,-0.6059066062968254,-0.6059066062968254,-0.6059066062968254,-0.9999999998425249,-0.757329594722481,-0.046345463114791124,-0.07666170993690052,-0.031804644522383234,-0.06903400863034342,-0.11489672097636303,-0.04304838476849897
ABHD2,,-0.06960669702727816,-0.9998997405348389,0.28049353731229526,-0.9999999971140803,1.0508528070300789,0.8207876572888381,0.20644567331451574,0.932831033121603,0.8489727293848254,,,-0.1608389916265185,-0.16484297395485542,-0.9946829593632497,0.7631275058906541,-0.999999962583896,0.9999998027362654,0.05511337141439305,-0.08393479370180551,0.3623845948900838,0.02994120371511239,,,-0.19538988903878401,-0.56560271560442,-0.9964717431106921,0.04131031070922286,-0.9999999955425914,0.250269994258043,-0.05188186971612447,-0.1178221713911555,0.033898446695954945,-0.10963491237323804,-0.18698730513920386,-0.023706137603994662
ABHD3,,-0.6911676824752542,-0.6911676824752542,-0.6911676824752542,-0.9999999996736559,-0.00033270711134642775,-0.030270126256675283,,,-0.041268779721254985,,,-0.22246225765951425,-0.006963438487791999,-0.9504124755512395,0.5442860981790761,-0.9999999940149189,0.9999999705132852,0.06939770623124362,-0.10154097255696272,0.24985251882344453,0.05148416642861607,-0.18253422955168724,0.24724003226688374,-0.1401530588810609,-0.5805087218204974,-0.9997753575584231,-0.12010045791779514,-0.9999999993569642,-0.33010416990100483,-0.06092208920414938,-0.09308702643133314,-0.04123194173532451,-0.09423858695186928,-0.14713562774294786,-0.0636390762728587
ABHD5,,0.1069536355055171,-0.9084530418226896,0.3204370775476864,-0.9999999978312233,2.1561043231215864,0.9623568939582274,,,0.9803166132110595,,,-0.23187644726260898,-0.38251581792252765,-0.9959252654796347,-0.032314447259467485,-0.9999999986502833,-0.261315274553482,-0.07545619485874054,-0.12175176888466373,-0.026749370564301825,-0.1309693353166177,-0.22428416795850495,-0.07587594740886504,0.1251210563378221,-0.011216327327204538,-0.9751882882752615,0.31094301969235283,-0.9999999996831483,0.9999999994334376,0.13004798570977805,-0.041971729418699984,0.3921117032629725,0.11132775584069482,-0.08319258106884823,0.3429214746438156
ABI1,,-0.500912001846002,-0.9984824261106146,-0.34374708014558486,-0.9999999950291167,0.9612080086856873,-0.07011434454431602,,,-0.10000314454228364,,,-0.3513813428112997,-0.221558828974925,-0.9537291165228944,0.5502696068084033,-0.9999999787736114,0.9999999334821933,0.023532754510515164,-0.14034466708779722,0.14486851385378183,-0.02152815896105466,-0.3084315075293003,0.22009595119358982,-1.0000000577491786,0.06418786668951626,-0.6350557988748087,0.32784479136161965,-0.9999999987513614,0.9999999999425871,0.34899953502601483,-0.0775888550126775,0.5990107490508911,0.3409474777089065,-0.1972926834904355,0.5783044327616309
ABI2,,-0.6672134412558751,-0.9998150297036608,-0.2640268792796754,-0.9999998229496837,0.8803763165212676,-0.07580264215320373,,,-0.11517432095009321,-0.27575724706358196,0.5120672932199842,-0.27688891906900787,-0.4867940383750934,-0.9997582064594508,-0.031036834882435322,-0.9999999434713723,-0.4490772513948773,-0.09896158255814977,-0.149196849356525,-0.04860279946961469,-0.175088579174502,-0.2701837392746266,-0.09865712278158444,0.18417279510415235,0.025594541646101334,-0.9882446515363025,0.9546089453826074,-0.9999999874341142,0.9999999999961234,0.2659739941599132,-0.12836812461128072,0.5628274786948114,0.2470467393739686,-0.25334055097072283,0.6142731250074457
ABI3BP,,-0.615606818266059,-0.9995756435217229,-0.06231794882260931,,,-0.023942211250629383,-0.1013853617735793,0.06606160830054016,-0.0484448329665539,,,-0.2527867869688862,0.11210715625549188,-0.856553916334604,0.9845502244440707,-0.9999997917707236,0.9999999981091617,0.16999602499286504,-0.11372669671158683,0.47882591841472044,0.16793537592823105,-0.24628919128486226,0.5439542908593601,-0.12331824206957885,-0.1326459821377572,-0.9948274043109281,0.46213011463592596,-0.9999999511150715,0.9999999903718026,0.03993216002586658,-0.06307287354323025,0.26361815066131017,0.009311641747803258,-0.10640430674804648,0.28234533464296796
ABL1,,-0.7144939070255938,-0.7144939070255938,-0.7144939070255938,-0.9999999782697161,-0.0013534015662010786,-0.0805716284192793,,,-0.11528310489023601,,,-0.21754701694945616,-0.44407902849309405,-0.9997052774922142,-0.04275689082357987,-0.9999999699432137,0.036603906928907096,-0.07827865012693414,-0.12968171139012072,-0.007724298599856489,-0.13692493928375304,-0.23878224888367267,-0.06273951221942224,-0.0019179379873118301,-0.12535292825658292,-0.9972897827583455,0.25693912140864855,-0.9999999924237312,0.9999999990261818,0.034606527827492545,-0.09959651293559131,0.16613047473970036,0.0034472686356350635,-0.13287660821735892,0.1291576675971394
ABL2,,-0.5191590113903247,-0.9997222434157704,-0.051572262610902274,-0.9999769362604846,0.9999999985586426,0.07271541561379899,,,0.038263626123957346,,,-0.27624255842711387,-0.3232257287383089,-0.9970292170104991,0.8225977516604257,-0.9999999642580026,0.9617758559762959,-0.005067087618985794,-0.13674029947933422,0.22447003578073682,-0.07317283127581133,,,-0.149194838815336,-0.42665974761888315,-0.9838733528723288,-0.04479791336677841,-0.9999999944602036,0.7419141293875319,-0.030132317626170094,-0.14119386539466555,0.025238272156115224,-0.11072100532651481,-0.25158216529893324,-0.051513322473325115
ABLIM3,,-0.5480980824871925,-0.997312633950693,-0.059245230105427225,,,0.09069896495732713,,,0.058536023718476854,,,-0.129134622683882,-0.4086774301898808,-0.9978830199757326,0.11896725266592609,-0.9999999715796456,0.9999893491554457,-0.03249256078219939,-0.11735382940698018,0.0799978214492656,-0.10822929803034795,-0.26043541769608913,0.0332924540610027,-0.10011525211918053,-0.4145550733119149,-0.9870872116027533,0.0417238007123685,-0.9999999985454845,0.941535743585655,-0.026796057172241615,-0.09250646676558423,0.06860775989070826,-0.09335230843601916,-0.2363669501143207,-0.003471694993008462
ABR,,-0.5576918039284776,-0.9994597390148492,-0.1393317738453456,-0.9999995937117024,0.9724153375248222,-0.08743001518270865,-0.14724141426261825,0.06153161484179357,-0.12644625398455991,,,-0.15237020423917655,-0.46049482564892136,-0.9982257933333541,0.017002635403269063,-0.9999999936820274,0.2601992519907724,-0.06048439380714713,-0.11002771353287885,-0.010362467375024033,-0.10436857898221824,-0.19454077939677586,0.014148748409485332,-0.16470438849476646,-0.4435246183712827,-0.995091291525731,-0.12840843786618591,-0.9999999992414977,0.12456261786521262,-0.05572676280193834,-0.09452384183889183,-0.005638072640340095,-0.09220817969954083,-0.16343344207404223,-0.054201029861713435
ABRACL,,-0.28580200530394767,-0.9999744575371469,0.11777345280821444,-0.999999992814977,0.9999999986032917,0.7828217217123395,,,0.8222906585923443,,,-0.5308473151116717,-0.6411972287025876,-0.9943530105226144,0.20468704482909908,-0.9999999982714316,0.9505855099227417,-0.09895431632963958,-0.1889926438619333,0.056974870552825456,-0.21759370374559683,-0.4082142024689987,-0.03734846642349934,-0.13394063090315078,-0.4421776896664782,-0.9960343056380626,-0.017143667807967694,-0.9999999994438209,0.21800961315253198,-0.049686805368726265,-0.11521327343029217,-0.0028564722618889876,-0.10903180939004917,-0.21759081038079242,-0.041073243001899386
ABT1,,-0.7299226048180866,-0.7299226048180866,-0.7299226048180866,-0.9999998692378635,-0.0007968499951813488,-0.0767106241730446,,,-0.11190618318403828,,,-0.23866985924861003,0.05303794140901012,-0.42984878883807653,0.9214629689697029,-0.9999999961278638,0.9999999946553187,0.08365941553586051,-0.09597119614128498,0.2588767598688624,0.06814232549301762,-0.19684942440635383,0.24441876211839078,-0.03252946284822723,-0.3354746746113385,-0.9968236869779701,0.21569124704829687,-0.9999999966895878,0.9999999954027877,0.006583833066688358,-0.08953339433200887,0.06348995250914959,-0.02316527626923493,-0.1385696491683154,0.05367888644004813
ABTB1,,-0.6890978039788922,-0.6890978039788922,-0.6890978039788922,,,-0.0488934127600507,,,-0.06934163613671372,,,-0.1345879680352066,-0.7143611331099562,-0.9987901547577138,-0.07958585513089407,-0.9999999995365552,0.03057708093565771,-0.04216373123124573,-0.07714031624343726,0.0038631666047462777,-0.07171156772218867,-0.1294316519376694,-0.02567282748255886,-0.09796152019003287,-0.7348701114240772,-0.9981004083691581,-0.2371330967078478,-0.9999999993106813,-0.0979648305952258,-0.03729609981515875,-0.06186537655526769,-0.02426546801775733,-0.05551138504977563,-0.10580435445443015,-0.03378672038407163
ACAA1,,-0.6206769944980097,-0.9994096849558718,-0.08613243476843256,,,-0.03849041864750227,,,-0.10057511400387789,,,-1.0000000000000162,-0.44439911706769086,-0.9998540279614453,0.6460054581481544,-0.9999999992897313,0.9983154625120775,-0.016925571212769757,,,-0.08901906767274721,-0.21674529002475632,0.12985579647480594,-0.1731861967793287,-0.659985320370757,-0.9973683643320531,0.17352755464076267,,,0.011003197719485871,-0.052288958813129935,0.09971376560103595,-0.01500372939471271,-0.09229947958786844,0.10506517805463911
ACAA2,,-0.6561842789162234,-0.9999942444825048,-0.2946787641841944,-0.9999999998331528,0.8072293686068002,-0.09331207920332375,,,-0.13596616313064835,,,-0.16008216088996471,-0.41821687609096797,-0.9809252983833846,0.13065599763771887,-0.9999999937126657,0.9999896446060685,-0.027902705563517646,-0.08482748585615298,0.05114350991572289,-0.07278223115890399,-0.19239195523412805,0.028625572718121273,-0.14973796442932294,-0.4944314093178903,-0.9972520376401651,-0.10072072150261654,-0.9999999943414958,-0.06566184764342729,-0.06555294940010492,-0.10998414633383084,-0.039617821073819205,-0.10440792465089928,-0.15995389294189571,-0.07183120152330286
ACACA,,-0.6312586540398241,-0.9999769184055162,-0.27040499655046263,-0.9999999792187674,0.9776411827225049,-0.10271842265541441,,,-0.15340698743189102,-0.9520507280160003,-0.035798418486127505,-0.25696806939699507,-0.3876775789301496,-0.9977130290295423,0.9710028667606317,-0.9999999843219896,0.9999999959226318,0.10184207666639783,-0.10528808003436829,0.38002964707609527,0.056546953882152286,-0.22325870158841907,0.4910004997920835,-0.0948884378611638,-0.3346062668723787,-0.9996470548082227,0.06958558000044804,-0.999999975125125,0.5121690405504981,-0.031103976520728566,-0.1000515422235857,0.06862117406255273,-0.0833993316836698,-0.19657742807669357,0.019462033820912276
ACAD8,,-0.570317724582526,-0.570317724582526,-0.570317724582526,-0.9983319618185356,-3.044688892510511e-11,-0.029171261857608256,,,-0.04004745654471064,,,-0.23819630201469347,-0.3440752675448483,-0.9931542595105548,0.12208864222970306,-0.9999999980552633,0.9999997489613766,-0.037097575080294924,-0.10633182591758007,0.10050330092454693,-0.08501506714493605,-0.17475551323257293,0.06279959695928664,-0.10771168851027765,-0.7501615231579005,-0.9999703238861839,-0.27133623536067725,-0.9999999994461567,-0.10753453866978233,-0.034425154815041846,-0.06476042849263303,-0.007251740782014776,-0.053537982037008276,-0.08917518399496432,-0.02518432066212409
ACAD9,,-0.5298077730050084,-0.9990710192885242,-0.26689021326237305,-0.999999989496949,0.8669727450403638,-0.08866472647879142,,,-0.13037477032097,,,-0.2049230773229893,-0.16011521330076484,-0.998289750496101,0.6821711311511328,-0.9999999853053104,0.9999999627187258,0.04880591734455971,-0.08637747414688351,0.21657600171647656,0.022560085895627215,-0.14424394792370895,0.32439126749377234,-0.20629847210204272,-0.4549071375311186,-0.9962744989611975,-0.09051419533778007,-0.9999999998951989,0.1884626651627424,-0.07395403746351828,-0.1262894914694877,0.04392269991220466,-0.12941902972779226,-0.2073199728389701,0.022190071891422747
ACADM,,-0.651924719040347,-0.651924719040347,-0.651924719040347,-0.9999999975609869,-0.002676836871014357,-0.059702777330358225,-0.11698781302988,-0.04610507146445789,-0.08544714093973176,,,-0.1738362414952429,-0.4152331564565223,-0.9964825113937189,-0.012013464634746795,-0.9999999953111348,-0.13740429285221195,-0.06717548382262734,-0.10639882335041145,-0.01243225781325803,-0.11943378553692188,-0.21209361326073686,-0.03364369446822997,0.000976878957786087,-0.3227905393853269,-0.9901072347669113,0.570904017537711,-0.9999999987538879,0.999999994758162,0.02138875171503226,-0.08861317845617145,0.1244158079648848,-0.013083085429822807,-0.13939847769594185,0.13605324851577727
ACADS,,-0.7369935897575232,-0.7369935897575232,-0.7369935897575232,-0.9999999957564548,-0.006474360135782586,-0.05151912565437232,,,-0.07177472441584144,,,-0.1285056091829497,-0.5648943063308433,-0.5648943063308433,-0.5648943063308433,-0.9999999996237426,-0.9859650349515766,-0.045042112552661925,-0.07719044381415913,-0.026453378366843902,-0.07324510626957323,-0.1264619292888828,-0.04575791081461841,-0.06749124333865926,-0.6065220557906046,-0.6065220557906046,-0.6065220557906046,-0.9999999996803424,-0.9975326948913578,-0.022703818036636104,-0.04813282373339977,-0.015552549121760321,-0.03290678771385939,-0.07993288557919856,-0.024716985874583763
ACADSB,,-0.7200902324297302,-0.7200902324297302,-0.7200902324297302,-0.9999999335452406,-0.001599501016514549,-0.060209287358572054,,,-0.08500386515297591,,,-0.19198901542148047,0.0015925463213799372,-0.9975016630630426,0.5834397246592613,-0.9999999694912048,0.9999999973312639,0.07865088514089548,-0.11111829122032647,0.36839601857540355,0.06449271024063064,-0.22607794669734207,0.5425186393288423,0.3396844382603205,0.1523216988118996,-0.23649183473774119,0.30553666088461773,-0.9999999967351502,0.9999999995210105,0.4055928526719548,-0.06306347010947198,0.732820172563739,0.40393430828906485,-0.12026724604234967,0.7073701733601324
ACADVL,,-0.5527011640989816,-0.9997356712880925,0.036670717882372764,,,0.03671264361675836,,,0.0017243367775735211,,,-0.3322578566212164,-0.1340434349582158,-0.9975238379381883,0.9723925056486004,-0.9999999510935809,0.999999999232689,0.09792741247815727,-0.08531514948160127,0.29318244820110845,0.07331521107734879,-0.20990821109188373,0.25822065986405474,0.4868416638500833,0.11983279340140336,-0.3832024270459765,0.7526801367646166,-0.9999999352829656,1.0000000000231037,0.36513749196250994,-0.07727394269981365,0.7447710404768714,0.3537233644678451,-0.17280691273144483,0.692212153070685
ACAP1,,-0.6267129985628537,-0.6267129985628537,-0.6267129985628537,-0.9995075137023841,-1.2637955178169701e-10,-0.03292862523070289,,,-0.04511744697199005,,,-0.11542756428205843,-0.37924168272563685,-0.37924168272563685,-0.37924168272563685,-0.9999999994546745,-0.36168034183968545,-0.035938179997914606,-0.06290905896897936,-0.017358521485346123,-0.05759479307782538,-0.108103697490149,-0.034308077224778626,0.8173512476741192,0.3601400828430036,0.0386942336136919,0.4099064256526178,-0.99999999881791,1.0183423068050093,0.6961699520532197,-0.012006932222264854,0.9725502875355406,0.7028154856960569,-0.017106618768213344,0.9646743313909656
ACAP2,,-0.4613167092263822,-0.9996876195774653,0.1114571344550827,-0.9999999891666109,1.028021054261583,0.4642308579976896,,,0.4868328246080828,,,-1.0000000001181018,0.15381189608477674,-0.9961490395954784,0.8908154530990643,-0.9999998905134785,0.9999999999987247,0.19182810463275546,-0.09999519672282851,0.5696049772624849,0.19583329032158786,-0.3056106330035626,0.5046026206097907,-0.17654160161232507,-0.4333140221781508,-0.9993980629841747,-0.03214297136612883,-0.9999999981913015,0.12378654233999789,-0.05676003004745192,-0.12523208917089124,0.009271012201576922,-0.11337658188300759,-0.2134855829354076,-0.009371491775508617
ACAP3,,-0.5518819918105937,-0.5518819918105937,-0.5518819918105937,-0.9999999997808309,-4.232851455828045e-05,-0.03290801917772612,,,-0.04606903949484159,,,-0.1265897698241969,-0.4555317882313361,-0.9881747995254467,0.06968819007107396,-0.9999999999537736,-0.0901312944674898,-0.033934649870461964,-0.058292181720113724,0.03152393114725599,-0.05960044910789701,-0.11376080446928102,-0.0016375496683262419,-0.1040003651767071,-0.7734143589298809,-0.9995359414874694,-0.1955977619096121,-0.999999999877106,-0.3862827140884591,-0.040166922645961514,-0.07037625806369066,-0.02157044175266554,-0.060631409218283146,-0.10433556058482246,-0.03812989684583043
ACAT1,,-0.4510895481483718,-0.9992275524907684,0.05661760082219611,-0.9999999351585962,0.999999999353956,0.1709329979126113,,,0.14637054990954307,0.07651748108299215,1.0291109615343885,-0.26491610981953867,-0.18280861818663882,-0.9686129054196554,0.7872631504770897,-0.9999999232884137,0.9999978494939357,0.0427203280759134,-0.13940450753850492,0.21807972222994892,-0.002209961711798064,-0.2955312571857773,0.2025195199691924,-0.24072593202743892,-0.5082347515966358,-0.9996161105573115,-0.1249555104200687,-0.9999999990273336,0.9932404878631952,-0.039325718782952386,-0.11362866868256793,0.1470557915373037,-0.11560936747007755,-0.24445576860244914,0.08698267989746049
ACAT2,,-0.18435371498286374,-0.9987025197385982,0.46268670959557845,-0.9999999675411418,0.9999999997440705,0.8303023316870489,,,0.886902277441646,-0.02214438139831637,0.9612163979819942,-0.39303274674881516,-0.40338826390895943,-0.9862983903481848,0.9719781788494138,-0.9999999960399132,0.9875471323561653,0.028977433812974712,-0.14084407776823765,0.3310930063098993,-0.03299435236945158,-0.21158571676286672,0.3641217662025052,-0.32435325936179166,-0.46438069801893767,-0.9975530012242901,-0.1398965879471518,-0.99999999579083,0.9999540885916453,-0.07274986947856646,-0.1365122352183242,0.17605191245541923,-0.15192861836793933,-0.26371869636371936,0.03195857188953876
ACBD3,,-0.4181704719922582,-0.9982875932052145,0.061089361195374926,-0.9999995402175829,0.9999999997778869,0.19570348792395437,,,0.1757162302801079,,,-0.7341707645186133,-0.4556108809431911,-0.9956713856910072,0.1902976019465144,-0.9999999740394045,0.7594648729364508,-0.024120143040116438,-0.09430531794330686,0.11070515788054236,-0.08780905439849607,,,-0.21919464571260222,-0.010754015800332212,-0.6131897439267354,0.601011466944929,-0.9999999815950213,0.999999999920571,0.15500323938760374,-0.10535090351888016,0.4132729357383713,0.12197838653546622,-0.1797839992289047,0.39730396725393324
ACBD5,,-0.6991035554068494,-0.6991035554068494,-0.6991035554068494,-0.9999999996352037,-0.003977620738356456,-0.050265864145637294,,,-0.06978319101355969,,,-0.19835977369911487,-0.35724267269052634,-0.9976560214348479,0.5051643636847811,-0.9999999666890509,0.9999999394148283,-0.016385619116848802,-0.09601692593071817,0.253045291619472,-0.054219468740947706,,,-0.13367177236725422,-0.6361597501320352,-0.9994683177650114,-0.20679978768402696,-0.9999999985250855,-0.35652419426771403,-0.06005884140913678,-0.0918452406782937,-0.033145926799716494,-0.0914759860170733,-0.14168719824199172,-0.06196935542538362
ACBD6,,-0.40270693453679374,-0.9998591736533691,-0.006459517389942377,-0.9999999722287438,0.9999999994288463,0.39833386919718433,,,0.39537843446667414,,,-0.21810151359957664,-0.5490031490989793,-0.9978918653632047,-0.016564307934143874,-0.9999999914737422,0.9998737698562274,-0.08176765300308438,-0.14605891232764012,0.03578099601188544,-0.15779071240914513,-0.27724986528065965,-0.025334149565257355,-0.17354476569720553,-0.4622193870893154,-0.9914261265762849,-0.025887192875692373,-0.9999999982694822,0.9999992353685807,-0.03211339141078094,-0.09640154421455152,0.11377049448505235,-0.08398682557868342,-0.16629545999032241,0.023189597687489072
ACD,,-0.6644283737453754,-0.6644283737453754,-0.6644283737453754,-0.9999999957658191,-0.005584023267862266,-0.047140872133271526,-0.11274769462329833,-0.035127339113060395,-0.06491282465528987,,,-0.24807059648896446,-0.0024012711827340566,-0.5861971941846372,0.9345294570815136,-0.9999999905122406,0.9999999632743384,0.07619721182502699,-0.09133232318295638,0.2620617390314037,0.05771687940417815,-0.20361610663342242,0.27782184084014466,-0.11097375703394279,-0.40558682708556815,-0.9997836305822592,-0.07882952279387126,-0.9999999961011542,-0.1108420156999786,-0.04607138134489315,-0.07903887860754603,-0.02082621973994901,-0.07091183471897307,-0.13733542885008157,-0.009943214779813699
ACER3,,-0.305349774924813,-0.9915484337413034,0.13481480852455072,-0.9999981742462073,1.045689545774513,0.11821380704935977,,,0.10161017485910248,,,-0.2649008358670694,-0.35832121733593436,-0.9996058520432731,-0.00437314692858623,-0.9999999948285828,-0.025279654093610653,-0.05289565408421256,-0.09306475134745436,0.01634860331469929,-0.10741274882248691,-0.20740550933620347,-0.017081467308227252,-0.13675829259581945,-0.4842162107163991,-0.9970039200958173,0.05607985099214516,-0.9999999988721735,0.6007861287086711,-0.02854942716435297,-0.07682500799461434,0.09637360465970991,-0.06880943575515583,-0.1362722433313064,0.07509470211075157
ACIN1,,-0.718890093984472,-0.9993113813079916,-0.3596229892608004,-0.9999999767655289,0.7742035699887353,-0.10791668574679644,-0.1912882957435356,-0.03614291350453781,-0.16052728582637246,,,-0.2630913207314028,-0.5178434047269653,-0.9899674481834463,0.10786474677225799,-0.999999508994683,0.9999399617379765,-0.07194722077858927,-0.13054965983007957,0.07641626329264294,-0.15243219585472959,-0.30297085925250195,-0.0038287706932703665,-1.0000000562033988,-0.16254433934703946,-0.9613794804792046,0.3563840815088767,-0.9999999942405257,0.9999999998961445,0.17217484723579277,-0.0419547524120006,0.2939646839945835,0.13329011586979495,-0.21364393500273565,0.28100713738589483
ACLY,,-0.3998568145112944,-0.9898126737774854,0.07927706756701824,-0.9999995073689154,1.0000000000267542,0.25128583481104955,,,0.2388818710387507,-0.47234543252603467,0.415119852396149,-0.3669139452368673,-0.4596260332138708,-0.9932927149520832,0.3270355609264979,-0.9999999265738497,0.9843443215358613,-0.00016868865845641795,-0.10026675606596455,0.22518410256509855,-0.08351824874489247,-0.26533325478728065,0.47881478440788006,-0.4249386189875269,-0.15120452495583558,-0.8893896434959653,0.5727916383044602,-0.9999999375565692,0.9999999998698323,0.2208601529656747,-0.026197765795396802,0.4396158182871772,0.1947155648023688,-0.2390889664171459,0.42564724398292464
ACO1,,-0.5067498646793421,-0.9991489903109726,-0.05374669080893391,-0.9999993568215471,0.9999999974763786,0.24284643825504557,,,0.22974509032084373,,,-0.1888287820518749,-0.37132769619747924,-0.9988415456458349,0.5678404195230405,-0.9999999905605962,0.9404013412977101,0.007008298561004538,-0.061401104722693244,0.1541107354899369,-0.033953198308190456,-0.149404787265729,0.16058381917987474,-0.329742287728593,-0.05542921766848671,-0.5407480027885968,0.44679138641902294,-0.9999999989523025,0.9999999996595984,0.20384407764388152,0.0028951679037481554,0.3517914454155747,0.18136473485701013,-0.05294591060866475,0.3666011148465606
ACO2,,-0.6999724897353535,-0.6999724897353535,-0.6999724897353535,-0.9999999870562923,-0.0006381550719848349,-0.0599667007698357,,,-0.08475848301191984,,,-0.19902642699304654,-0.2731030191769527,-0.9998944406449569,0.36109314327741343,-0.9999999933463002,0.9999999889260248,-0.000448599373855913,-0.08849087930248965,0.217627882470032,-0.030794897964823528,-0.1528491440508123,0.554649223725729,-0.1212405238654548,-0.4522109080769622,-0.9998103879997755,-0.17014548525810624,-0.9999999991269864,-0.2737481103571097,-0.04485236471412309,-0.07085295400980321,-0.026743322254598,-0.06674728948320058,-0.10304269779149507,-0.04055548892899364
ACOT1,,-0.4838815773073374,-0.4838815773073374,-0.4838815773073374,-1.085652416862944,-0.001774022638864001,-0.08769386389789277,-0.18438651767701186,-0.06034210838496227,-0.1396121790774323,,,-0.02364544240983646,-0.22353133030959202,-0.9948724168068933,0.9443780932289652,-0.9999999672070663,0.99999988702997,0.04213075401796259,-0.06402941640972001,0.2611995962907189,0.020349995261561726,-0.12359435951730338,0.4639562201266525,-0.1025191163310325,-0.7824355577786313,-0.9997339089316493,-0.044555440642486295,-0.9999999999841339,0.7031415752578707,-0.047049538735486666,-0.08884151761884995,0.008390110319914755,-0.0768125437910093,-0.1547356347369528,-0.01744465230110609
ACOT13,,-0.7873103602924898,-0.996272125304438,-0.0492741296332461,-2.289183747770344,0.9999879305083323,-0.06497046020564089,,,-0.10188991666748716,,,-0.31991887966279386,-0.48954379789797997,-0.9962211189603636,0.2431930224729803,-0.9999999769027752,0.9999448958593546,-0.07970403609610614,-0.15144449332106524,0.07129465102816204,-0.15427339735957396,-0.2697715054020335,0.03840175807006542,-0.10715037774661931,-0.19788992334828542,-0.9987202824871538,0.3157697593410496,-0.9999999973556271,0.999999985881619,0.016645235432852727,-0.09670613292473634,0.1665397612136952,-0.03447051539178439,-0.19122694216991945,0.1211648374753239
ACOT2,,-0.5332461946471485,-0.5332461946471485,-0.5332461946471485,-0.999999835562588,-0.0015312533495695547,-0.08656012482349719,,,-0.13389902672244733,,,-0.10089416145655539,-0.2929362827123514,-0.9961729290060418,0.9366553475648268,-0.999999961758538,0.9999999843993506,0.020388044181535944,-0.08053143918851029,0.21868808285142302,-0.0068200440364663975,-0.15945348660511066,0.2370740135054617,0.2982933981258519,0.009549479104136505,-0.9858494908983149,0.18150573296689707,-0.9999999991275615,0.9999999986294612,0.26060606712863715,-0.09873391636484825,0.7827751169016813,0.24612855474486472,-0.1580194783061188,0.8038869136253655
ACOT7,,-0.18942211803664746,-0.987692668447996,0.2072896468070825,-0.9999993554048099,0.9999999999727761,0.5141437583045948,,,0.5248889827099207,-0.45481537012966494,0.8829303298533908,-0.25427528737315386,-0.3978268223528282,-0.9993540903641064,0.906971373221774,-0.9999997071060461,0.9999968094133339,-0.014506297428286057,-0.1513527169560678,0.139504896047424,-0.07619496141866114,-0.21567099442054466,0.19529622536453978,-0.17792192230438533,-0.2519284737964422,-0.9904823075522153,0.12934257234886815,-0.9999999836991923,0.9999999990948834,0.12553952309507022,0.006305094032264255,0.36455559753311323,0.08752678967268658,-0.08711878286493,0.303531312424303
ACOT8,,-0.6602862933736365,-0.6602862933736365,-0.6602862933736365,-0.9999995680371905,-0.0008538002951640711,-0.045260560991925755,,,-0.062433561637259286,,,-0.13511398071467068,0.25026334405831513,-0.4405952773171228,0.9873586486167629,-0.9999999927441435,0.9999999995519364,0.1703746270987404,-0.07207301296754427,0.653884215887348,0.18860697084271988,-0.13347165851901716,0.6355240112980814,-0.11601781018257736,-0.044317922521514654,-0.9785611156360497,0.16603774602987154,-0.99999999961847,0.9999999978386374,0.1406375796456849,-0.07607293169426348,0.41112761244239904,0.12446369827102476,-0.12442288586459815,0.5010949692149784
ACOT9,,-0.7771817109252399,-0.9992538905192383,-0.18806429335600613,-0.9999999981493403,0.7995364281246,-0.10108974732440824,-0.16800131258172654,-0.0037138842462656908,-0.1594682537691621,-0.5359843737071811,-0.11606690414146328,-0.3844417793681085,-0.5997916960902807,-0.9987065450911875,0.20602163315263788,-0.9999999773920365,0.9999479417247286,-0.05966557325041993,-0.16548603457346991,0.12337381418203465,-0.1509607989645897,-0.3061602423619812,0.12393072541351977,-0.15470013817758096,-0.4926577531644951,-0.9963574800383393,-0.1088104531633047,-0.9999999977793862,0.8509257964513074,-0.07740067040557476,-0.13987624694103543,-0.002605979190107204,-0.14428253092904836,-0.2473681959659239,-0.06372866165619065
ACOX1,,-0.5543302650694557,-0.9999778154046215,-0.3018159964036443,-0.999999995078801,0.9595296451535877,-0.08502729541570117,-0.15715345730433766,0.09240956735401765,-0.12631499625081385,,,-0.1004981049029977,-0.3189158115425952,-0.9914783880372396,0.11661361548504035,-0.9999999798801382,0.9399451981474864,-0.024839582021285736,-0.09025116486832328,0.05020582829472411,-0.042058042618810194,-0.14297816922777354,0.03203068513894211,-0.1309437731930931,-0.1325534885704127,-0.9919886446362679,0.1995773448396526,-0.9999999918504747,0.9999999999786998,0.11756824038265329,-0.090260441949173,0.35235178030003783,0.09466582966145971,-0.13907109050952773,0.3359470669537491
ACOX3,,-0.5105130514199206,-0.9999017366690032,0.05178538115747742,,,-0.02107053319632676,,,-0.038973162055468906,,,-0.15279435154557225,0.19972795853495018,-0.3165282513931274,0.6935001799428873,-0.9999999299008491,0.999999999205069,0.20943844739000542,-0.05347063261392933,0.667321947954401,0.2349521702142398,-0.1044241395037749,0.6201604188621224,-0.10388499684025188,-0.4981837454993869,-0.9966720059447427,-0.033711347759922745,-0.9999999998295503,0.9998066195694871,-0.022678729086622322,-0.0593430423444415,0.05256119424239626,-0.04420337012583663,-0.09218622198251988,0.10500593306141372
ACP1,,-0.5673338021831361,-0.9993436713130663,-0.03972233588473695,-0.9999998950912458,0.9999999999577568,0.15532375700862092,,,0.12567204151001685,,,-0.15863715066390857,-0.5741299668364863,-0.9988320197413502,0.004123213884146462,-0.9999999895719964,0.7176997525728597,-0.08932056445940822,-0.19829773496746994,-0.01790923743962526,-0.2114670085553372,,,-0.2539370838591955,-0.7008841538176961,-0.9982651787729805,-0.1108189735090537,-0.9999999974722148,0.8732436788619999,-0.10237072607242399,-0.16855464554267582,-0.053474337208884254,-0.2196173938518396,-0.3599920812212505,-0.14768915025871696
ACP2,,-0.722302585239561,-0.722302585239561,-0.722302585239561,-0.9999999988521341,-0.00034710340350487944,-0.033735355967998495,,,-0.046293037362680284,,,-0.12709363329481807,0.3160094153106658,-0.9704301447758062,0.9890463969136614,-0.9999999979614509,0.9999999997822496,0.6516311885295792,,,0.7757962352162329,-0.09307949139598998,1.0552829227346163,-0.10700219996032548,-0.8401058484412652,-0.9994200529060382,-0.11029793343028783,-0.9999999999360571,-0.9989227778988699,-0.04573279224300774,-0.08117652471635269,-0.02980325425922991,-0.06754718364299196,-0.11036799140120963,-0.046840151788082277
ACP6,,-0.5223857691530788,-0.5223857691530788,-0.5223857691530788,-0.999999243186821,-1.0903589994102136e-11,-0.030815130110816387,,,-0.04331988071336708,,,-0.13478963902701452,-0.4559081152625804,-0.9948010007851198,0.08292514701706227,-0.9999999998582055,1.1853570141802319,-0.028108242941763416,-0.05606966709238767,0.0625076789601359,-0.052109666246871474,-0.11988606608829548,0.14010946838632482,-0.11646863965728724,0.04021389547557534,-0.6317770436790342,0.4208104335168525,-0.9999999990269398,0.9999999980303287,0.15408817593711024,-0.04900008736443859,0.3727378394100046,0.14105004985500397,-0.08395971751705836,0.3946120164756915
ACSF3,,-0.5092286365210509,-0.9975409563546217,-0.037625800552059156,,,-0.0027943331717362454,,,-0.014778192052363297,,,-0.1780634684452161,-0.33712529800115365,-0.33712529800115365,-0.33712529800115365,-0.999999992464375,-0.3164241615652221,-0.06367137911500031,-0.10384181511218553,-0.03273448578713557,-0.10495896915462323,-0.1711826851096989,-0.05401917530112138,-0.11820490405676894,-0.5907360980790455,-0.999594189707776,-0.018712586745174214,-0.9999999996490311,0.9979556760967719,-0.026943393142103075,-0.07686556710564962,0.12259059245257824,-0.05141974334138493,-0.10610512973535645,0.12106382607501129
ACSL1,,-0.6790641431081842,-0.9993477648731497,-0.3508066590842587,-0.9999999617543577,0.8201397192421049,-0.06492528487077895,,,-0.09129548827402849,,,-0.13181366315627488,-0.4923440320952706,-0.4923440320952706,-0.4923440320952706,-0.9999999982510567,-0.09757853443912592,-0.06549960770654172,-0.11933817375146002,-0.04318985736760281,-0.10616432949009867,-0.23590551610794874,-0.07422488866739553,-0.19959991557608872,-0.5128441027102784,-0.9989032333699861,0.03303447392754543,-0.9999999968509735,0.9970310636548051,-0.05336328233642512,-0.10821585220007357,0.030992789305821788,-0.0973935167976549,-0.15988881303008518,0.007934164445330997
ACSL3,,-0.5508592882523158,-0.9972666878961304,-0.057115548500748764,-0.9999998980657916,0.9995645128952807,-0.005927214838387198,,,-0.07293066852722428,,,-0.2644937296343388,-0.5244755228821588,-0.9989030276665047,0.4507069993696281,-0.9999999790471451,0.8584296956021389,-0.02788583044215009,-0.12380542261567207,0.13562049419110464,-0.13753167552673126,-0.32655994059354804,0.19405806756269198,-0.7926047003570201,-0.4867421510770851,-0.9980351968278685,0.16800973592320653,-0.9999999883681603,0.9999995685037566,0.026080098373381436,-0.13896457500227366,0.14846312585752278,-0.09482404224584647,-0.4503718927723912,0.1378075004638468
ACSL4,,-0.39676013445508335,-0.9995753578171174,0.08844321013035435,-0.9999999596830539,0.9999999997975773,0.2642108782732442,,,0.25106695810133395,,,-0.315121499840918,-0.3423303518166013,-0.9503741284449088,0.6744120228174085,-0.9999999811329284,0.9999999753886565,0.010221192471836789,-0.1452428302927378,0.29289078013680503,-0.06195664754749974,-0.31274040196522684,0.33191332179472066,-0.1775594662006269,-0.44488116823695134,-0.9929340412755954,0.0012807276510037365,-0.999999998318079,0.9765978640063416,-0.03556583917850716,-0.12191933817684229,0.12906787617887314,-0.1155838942403896,-0.22820205600636656,0.045644980974147494
ACSS2,,-0.3605885636719003,-0.9991863800499633,0.13555154654202894,-0.9999988417098262,0.9999999995223772,0.382450337113173,,,0.379254338918998,,,-0.2531164444311968,-0.3193473705249418,-0.9984007324977879,0.14342243623682122,-0.9999999608601473,0.9999999429419582,-0.009232831414519301,-0.12074237178186388,0.2179358806369122,-0.054113353378075615,-0.21691633714089262,0.2812756148294499,-0.05448009771930553,-0.4051035323730806,-0.9939590726289027,-0.09207311224478437,-0.9999999977296378,0.32057821898780875,-0.009042277318523738,-0.06970242390747958,0.05875681404789883,-0.035130314633579386,-0.1300602863212845,0.03002710242132324
ACSS3,,-0.44002280423814394,-0.44002280423814394,-0.44002280423814394,-0.9999998753674794,-6.73841505010004e-11,-0.03241217751496361,,,-0.04668424961510448,,,-0.15691685119099752,-0.5443846195224694,-0.9996216300029397,0.03790154603082658,-0.9999999999281287,-0.04845064946453335,-0.03220357611857465,-0.06726434609442171,0.005298909931599735,-0.0607687200540189,-0.149219821142932,0.007362938190400135,0.29169440499993,0.11141140680703474,-0.9922272673960755,0.9229699685591661,-0.9999999972837342,0.9999999984951402,0.22070084614291977,-0.05142025032178466,0.6812830537310705,0.21019115964981436,-0.07292830236745135,0.6839360777323941
ACTA2,,-0.5113181530376053,-0.9998158975585638,-0.3459459745086975,,,-0.04662434373970809,,,-0.0645011798595716,,,-0.13965834599950375,-0.6283049109809635,-0.6283049109809635,-0.6283049109809635,-1.0000000001378786,-0.9987140254024761,-0.05123776483311849,-0.08610920934099493,-0.03322615816339694,-0.084474236596292,-0.14220077369837703,-0.04609044868089765,-0.0863099575165235,-0.7238997200525253,-0.999411118246261,-0.26015331017495924,-0.9999999999563101,-0.999246202908316,-0.03200022394991978,-0.05623465838230288,-0.01679934713948276,-0.04748554046885369,-0.08335307796189878,-0.0314691401660051
ACTB,,-0.05434813267718309,-0.9521564647522557,0.8764850606698942,,,0.33204000409596934,,,,,,-1.0000000230495014,-0.40243635054696375,-0.9991068308953924,0.2004336369267442,,,0.0014120499035740022,-0.1389650135528439,0.1656484216177868,-0.3938319576373928,,,0.030827644313018637,-0.15297269394743174,-0.9945952804311098,0.9880015809581792,,,0.15808594706761778,-0.15350712154348625,0.3989081488262845,,,
ACTG1,,0.034961319028297945,-0.9955716698489631,0.9716436037704945,,,0.2502958772287716,,,0.3047034108396158,,,-0.9429473987818876,-0.5182213327407119,-0.9969213189433342,0.4658753198680204,,,0.05519961920037247,-0.11953505555393158,0.1830340635366003,-0.18327929577149077,,,-0.004605303294981784,-0.2291680327508882,-0.9997598916528263,0.28428436751719527,,,0.10166131854941159,-0.15503395323565078,0.24828775827970045,,,
ACTL6A,,-0.7471313158843377,-0.7471313158843377,-0.7471313158843377,-0.9999999955856553,-0.0039429573243281845,-0.07680983476443569,-0.13643093264144288,-0.06742692266909277,-0.11063899997613494,,,-0.2805492649063275,-0.5998884933596543,-0.9984935636973257,-0.05982617893775956,-0.9999999796755785,-0.19505718853726714,-0.09922145978974287,-0.14967722375398101,-0.031294106417932926,-0.18421696591191913,-0.2843343447208597,-0.0960443519244504,-0.10284683461906849,-0.4402596051825597,-0.9973829532119282,-0.06482246161761905,-0.9999999993098478,0.9999999883783128,0.0018427804702049445,-0.07291727214053766,0.13199432451024976,-0.04433928339295178,-0.12755491235389613,0.11301831000643403
ACTN1,,-0.5134168759711827,-0.9989713174529105,-0.20924398754897244,,,-0.12977423671515653,,,-0.3016128501440121,-3.5246612762741725,-0.1758880503998766,-1.000000000000415,-0.6547380684838489,-0.9984768540396337,0.9634215962323917,-0.9999998646330023,0.9999254242203831,-0.04422996408149356,,,-0.19145876799222786,-0.4735124783383252,-0.007823982716884718,0.4543377704491852,0.1652646586971325,-0.3525651493220822,0.9887404985045135,-0.9999999722771453,1.0000000000470395,0.30755916455985655,-0.03965388784821772,0.5387265894260709,0.33861357283696425,-0.2416088230965308,0.6164981878419205
